Number;Gender;NameSet;Title;GivenName;MiddleInitial;Surname;StreetAddress;City;State;StateFull;ZipCode;Country;CountryFull;EmailAddress;Username;Password;BrowserUserAgent;TelephoneNumber;TelephoneCountryCode;MothersMaiden;Birthday;Age;Department
1;female;Brazil;Ms.;Gabrielly;G;Ferreira;Rua Joao Gomes Batista 140;Sao Paulo;SP;Sao Paulo;04651-110;BR;Brazil;GabriellyGoncalvesFerreira@cuvox.de;Hounwas;ahSeegh8;Mozilla/5.0 (Windows NT 10.0; Win64; x64) AppleWebKit/537.36 (KHTML like Gecko) Chrome/74.0.3729.131 Safari/537.36;(11) 7544-4689;55;Barros;01/06/1969;54;Diretoria
2;male;Brazil;Mr.;Antonio;R;Almeida;Rua Arruda 1962;Abreu e Lima;PE;Pernambuco;53560-165;BR;Brazil;AntonioRodriguesAlmeida@jourrapide.com;Ralis2003;uehahTie7raesh;Mozilla/5.0 (Windows NT 6.3; Win64; x64) AppleWebKit/537.36 (KHTML like Gecko) Chrome/74.0.3729.131 Safari/537.36;(81) 3761-5009;55;Carvalho;07/08/2003;20;Diretoria
3;male;Brazil;Mr.;Felipe;C;Santos;Rua Angelo Marcon 576;Sao Joao da Boa Vista;SP;Sao Paulo;13871-256;BR;Brazil;FelipeCarvalhoSantos@rhyta.com;Penver;nie7eiBiuzoo;Mozilla/5.0 (Windows NT 10.0; Win64; x64) AppleWebKit/537.36 (KHTML like Gecko) Chrome/74.0.3729.108 Safari/537.36;(19) 9963-3750;55;Oliveira;11/30/2002;20;Contabilidade
4;female;Brazil;Ms.;Sophia;C;Cardoso;Rua Guerino Ceolin 841;Linhares;ES;Espirito Santo;29902-240;BR;Brazil;SophiaCunhaCardoso@jourrapide.com;Himet2002;IeKie7ou8t;Mozilla/5.0 (Windows NT 10.0; Win64; x64) AppleWebKit/537.36 (KHTML like Gecko) Chrome/74.0.3729.131 Safari/537.36;(27) 9251-9706;55;Cardoso;7/15/2002;21;Diretoria
5;male;Brazil;Mr.;Alex;D;Carvalho;Rua Elias Montenegro 1803;Marilia;SP;Sao Paulo;17501-430;BR;Brazil;AlexDiasCarvalho@gustr.com;Shoutered;li0HaizaiD;Mozilla/5.0 (Windows NT 10.0; Win64; x64) AppleWebKit/537.36 (KHTML like Gecko) Chrome/74.0.3729.108 Safari/537.36;(14) 9428-8193;55;Ferreira;6/23/1973;50;Diretoria
6;male;Brazil;Mr.;Ryan;L;Araujo;Estrada Gabinal 280;Rio de Janeiro;RJ;Rio de Janeiro;22760-152;BR;Brazil;RyanLimaAraujo@fleckens.hu;Ravencers;aungael3Aech;Mozilla/5.0 (Macintosh; Intel Mac OS X 10.12; rv:66.0) Gecko/20100101 Firefox/66.0;(21) 3140-6745;55;Azevedo;12/09/1968;54;Contabilidade
7;male;Brazil;Mr.;Kaua;A;Almeida;Praca Vinte e Dois de Agosto 1837;Linhares;ES;Espirito Santo;29900-280;BR;Brazil;KauaAzevedoAlmeida@rhyta.com;Foreme;au9ahpu1Ei;Mozilla/5.0 (Windows NT 6.2; WOW64) AppleWebKit/537.36 (KHTML like Gecko) Chrome/68.0.3440.106 Safari/537.36;(27) 5787-5232;55;Azevedo;05/12/2001;22;Contabilidade
8;male;Brazil;Mr.;Martim;P;Cardoso;Travessa Sao Paulo 129;Natal;RN;Rio Grande do Norte;59129-796;BR;Brazil;MartimPereiraCardoso@jourrapide.com;Darromed;vah3ieFahwai;Mozilla/5.0 (Windows NT 10.0; Win64; x64) AppleWebKit/537.36 (KHTML like Gecko) Chrome/74.0.3729.131 Safari/537.36;(84) 7013-6415;55;Martins;3/25/2003;20;Financeiro
9;male;Brazil;Mr.;Luiz;C;Barros;Rua Etelvino Gama Sobrinho 1712;Sao Paulo;SP;Sao Paulo;08240-270;BR;Brazil;LuizCunhaBarros@gustr.com;Moreary;eih4ep1bieT;Mozilla/5.0 (X11; Linux x86_64) AppleWebKit/537.36 (KHTML like Gecko) Chrome/73.0.3683.103 Safari/537.36;(11) 2392-6871;55;Melo;06/01/1971;52;Financeiro
10;female;Brazil;Ms.;Larissa;R;Alves;Avenida do Meio 1910;Serra;ES;Espirito Santo;29164-436;BR;Brazil;LarissaRodriguesAlves@rhyta.com;Vater1971;ee2Vee9lohw;Mozilla/5.0 (Windows NT 10.0; Win64; x64) AppleWebKit/537.36 (KHTML like Gecko) Chrome/71.0.3578.98 Safari/537.36 OPR/58.0.3135.132;(27) 5978-6354;55;Alves;9/27/1971;52;Tecnologia da Informacao
11;male;Brazil;Mr.;Breno;L;Rodrigues;Rua Ormezinda Barbosa 1621;Niteroi;RJ;Rio de Janeiro;24140-620;BR;Brazil;BrenoLimaRodrigues@gustr.com;Knorkmer;uJi2Jeek3;Mozilla/5.0 (Windows NT 10.0; Win64; x64) AppleWebKit/537.36 (KHTML like Gecko) Chrome/73.0.3683.103 Safari/537.36;(21) 8209-8001;55;Ferreira;9/26/1977;46;Tecnologia da Informacao
12;male;Brazil;Mr.;Kauan;A;Souza;Praca Senhor do Bonfim 563;Itabuna;BA;Bahia;45604-055;BR;Brazil;KauanAlmeidaSouza@dayrep.com;Upother;thahnaegh8Ee;Mozilla/5.0 (Macintosh; Intel Mac OS X 10_14_4) AppleWebKit/605.1.15 (KHTML like Gecko) Version/12.1 Safari/605.1.15;(73) 5875-5139;55;Gomes;08/06/1969;54;Zeladoria
13;female;Brazil;Ms.;Gabrielle;M;Pereira;Rua Pindare 1111;Serra;ES;Espirito Santo;29169-660;BR;Brazil;GabrielleMeloPereira@fleckens.hu;Goting;DaaGio4doh;Mozilla/5.0 (Windows NT 10.0; Win64; x64) AppleWebKit/537.36 (KHTML like Gecko) Chrome/73.0.3683.103 Safari/537.36;(27) 5697-9421;55;Dias;03/02/2002;21;Tecnologia da Informacao
14;female;Brazil;Ms.;Isabela;C;Pereira;Rua Seis 1351;Volta Redonda;RJ;Rio de Janeiro;27258-100;BR;Brazil;IsabelaCorreiaPereira@teleworm.us;Saitheitring1973;JaeyahK7;Mozilla/5.0 (Windows NT 10.0; Win64; x64) AppleWebKit/537.36 (KHTML like Gecko) Chrome/74.0.3729.131 Safari/537.36;(24) 8296-4579;55;Cardoso;5/23/1973;50;Financeiro
15;male;Brazil;Mr.;Paulo;C;Correia;Rua Felipe Olive 800;Bauru;SP;Sao Paulo;17063-550;BR;Brazil;PauloCunhaCorreia@superrito.com;Hoce1969;Phaech9p;Mozilla/5.0 (Windows NT 10.0; WOW64; rv:66.0) Gecko/20100101 Firefox/66.0;(14) 5166-8402;55;Pereira;4/18/1969;54;Financeiro
16;male;Brazil;Mr.;Lucas;A;Ferreira;Rua Lutecia 1179;Rio de Janeiro;RJ;Rio de Janeiro;20940-140;BR;Brazil;LucasAraujoFerreira@gustr.com;Wely1969;IeP1ikee1boo;Mozilla/5.0 (X11; Linux x86_64) AppleWebKit/537.36 (KHTML like Gecko) Chrome/74.0.3729.131 Safari/537.36;(21) 8635-4277;55;Fernandes;1/13/1969;54;Diretoria
17;female;Brazil;Ms.;Ana;C;Oliveira;Rua Carlos Romao 1988;Serra;ES;Espirito Santo;29169-840;BR;Brazil;AnaCastroOliveira@superrito.com;Lazieution66;eeL2aes5fah;Mozilla/5.0 (Windows NT 10.0; Win64; x64) AppleWebKit/537.36 (KHTML like Gecko) Chrome/74.0.3729.131 Safari/537.36;(27) 4172-5586;55;Santos;6/18/1966;57;Financeiro
18;male;Brazil;Mr.;Joao;A;Melo;Quadra Quadra 096 1786;Luziania;GO;Goias;72853-096;BR;Brazil;JoaoAraujoMelo@armyspy.com;Borture;caiKee1oh;Mozilla/5.0 (Windows NT 10.0; Win64; x64) AppleWebKit/537.36 (KHTML like Gecko) Chrome/74.0.3729.157 Safari/537.36;(61) 5321-7841;55;Santos;10/22/2001;22;Tecnologia da Informacao
19;female;Brazil;Ms.;Julia;F;Barbosa;Rua Amazonas 927;Teixeira de Freitas;BA;Bahia;45995-160;BR;Brazil;JuliaFernandesBarbosa@armyspy.com;Liciriand1968;yoote2eiC;Mozilla/5.0 (Windows NT 6.1; rv:60.0) Gecko/20100101 Firefox/60.0;(73) 6312-6366;55;Ferreira;6/28/1968;55;Diretoria
20;female;Brazil;Ms.;Larissa;C;Gomes;Rua Jorge Amado 1294;Salvador;BA;Bahia;41620-330;BR;Brazil;LarissaCavalcantiGomes@superrito.com;Dichat1973;malai5ooV3G;Mozilla/5.0 (Windows NT 6.1; Win64; x64; rv:66.0) Gecko/20100101 Firefox/66.0;(71) 6674-4664;55;Almeida;8/28/1973;50;Recursos Humanos
21;male;Brazil;Dr.;Gabriel;A;Cavalcanti;Rua Raimundo Luz 1963;Campina Grande;PB;Paraiba;58107-538;BR;Brazil;GabrielAzevedoCavalcanti@dayrep.com;Theiche66;AfahB2aish;Mozilla/5.0 (Windows NT 10.0; WOW64) AppleWebKit/537.36 (KHTML like Gecko) Chrome/73.0.3683.86 YaBrowser/19.4.0.2397 Yowser/2.5 Safari/537.36;(83) 4175-6471;55;Araujo;09/04/1966;57;Recursos Humanos
22;male;Brazil;Mr.;Diego;C;Barbosa;3a Travessa da China 579;Salvador;BA;Bahia;40290-670;BR;Brazil;DiegoCostaBarbosa@dayrep.com;Nonvize1970;ieC3Ciegh;Mozilla/5.0 (X11; Linux x86_64; rv:60.0) Gecko/20100101 Firefox/60.0;(71) 4236-2979;55;Ferreira;12/20/1970;52;Contabilidade
23;female;Brazil;Dr.;Leonor;D;Alves;Rua T 830;Manaus;AM;Amazonas;69095-800;BR;Brazil;LeonorDiasAlves@rhyta.com;Hathimerent70;zohV9eToo;Mozilla/5.0 (Macintosh; Intel Mac OS X 10_13_6) AppleWebKit/605.1.15 (KHTML like Gecko) Version/12.1 Safari/605.1.15;(92) 9922-8251;55;Pereira;12/18/1970;52;Contabilidade
24;female;Brazil;Mrs.;Fernanda;A;Rocha;Rua Claudio Faissal 955;Londrina;PR;Parana;86031-810;BR;Brazil;FernandaAlmeidaRocha@teleworm.us;Tairear66;ohK1chah;Mozilla/5.0 (Windows NT 6.1) AppleWebKit/537.36 (KHTML like Gecko) Chrome/74.0.3729.131 Safari/537.36;(43) 3158-8084;55;Oliveira;09/12/1966;57;Recursos Humanos
25;female;Brazil;Mrs.;Livia;C;Silva;Rua Albino Roquetti 944;Araraquara;SP;Sao Paulo;14811-151;BR;Brazil;LiviaCastroSilva@dayrep.com;Drinnera;shothae3Pah;Mozilla/5.0 (Macintosh; Intel Mac OS X 10_13_6) AppleWebKit/605.1.15 (KHTML like Gecko) Version/12.1 Safari/605.1.15;(16) 8578-9997;55;Martins;6/13/1968;55;Financeiro
26;male;Brazil;Mr.;Arthur;B;Alves;Rua Duque de Caxias 228;Parnaiba;PI;Piaui;64200-070;BR;Brazil;ArthurBarbosaAlves@armyspy.com;Olcou1977;roh7laeGeV;Mozilla/5.0 (Windows NT 6.1; rv:60.0) Gecko/20100101 Firefox/60.0;(86) 2917-4140;55;Ferreira;4/17/1977;46;Financeiro
27;male;Brazil;Mr.;Gabriel;P;Barbosa;Rua Carlos Bompani 1503;Assis;SP;Sao Paulo;19814-630;BR;Brazil;GabrielPereiraBarbosa@teleworm.us;Mortang1971;wai9li1Ei;Mozilla/5.0 (Windows NT 6.1; rv:60.0) Gecko/20100101 Firefox/60.0;(18) 4585-4865;55;Lima;09/09/1971;52;Recursos Humanos
28;male;Brazil;Mr.;Vinicius;G;Cunha;Rua Nuno Alberto 1944;Franca;SP;Sao Paulo;14400-330;BR;Brazil;ViniciusGoncalvesCunha@gustr.com;Justan;ahlu0ooJ;Mozilla/5.0 (Windows NT 10.0; Win64; x64) AppleWebKit/537.36 (KHTML like Gecko) Chrome/64.0.3282.140 Safari/537.36 Edge/18.17763;(16) 8444-9189;55;Azevedo;8/24/1968;55;Recursos Humanos
29;male;Brazil;Mr.;Douglas;G;Correia;Rua Bento Inacio de Mello 764;Brusque;SC;Santa Catarina;88358-040;BR;Brazil;DouglasGoncalvesCorreia@fleckens.hu;Awithist;Ooxei1iehoo;Mozilla/5.0 (Macintosh; Intel Mac OS X 10_14_4) AppleWebKit/537.36 (KHTML like Gecko) Chrome/73.0.3683.103 Safari/537.36;(47) 4202-9613;55;Santos;10/10/1971;52;Tecnologia da Informacao
30;female;Brazil;Ms.;Ana;L;Dias;Avenida Guaramar 152;Praia Grande;SP;Sao Paulo;11724-190;BR;Brazil;AnaLimaDias@teleworm.us;Smand2003;se0cua4EiHoh;Mozilla/5.0 (Macintosh; Intel Mac OS X 10_13_6) AppleWebKit/537.36 (KHTML like Gecko) Chrome/74.0.3729.157 Safari/537.36;(13) 7772-2478;55;Azevedo;8/31/2003;20;Recursos Humanos
31;female;Brazil;Mrs.;Nicole;P;Lima;Avenida Espanha 215;Pindamonhangaba;SP;Sao Paulo;12445-610;BR;Brazil;NicolePereiraLima@gustr.com;Youltold1969;Ooy7eG3ba;Mozilla/5.0 (Macintosh; Intel Mac OS X 10.14; rv:66.0) Gecko/20100101 Firefox/66.0;(12) 5411-9533;55;Rocha;9/21/1969;54;Recursos Humanos
32;female;Brazil;Mrs.;Isabelle;G;Lima;Rua Lagolandia 1140;Rio de Janeiro;RJ;Rio de Janeiro;22720-330;BR;Brazil;IsabelleGoncalvesLima@armyspy.com;Capask;ooM8Xah2fas;Mozilla/5.0 (Windows NT 6.1; WOW64; Trident/7.0; rv:11.0) like Gecko;(21) 4633-3859;55;Barbosa;6/15/1977;46;Financeiro
33;male;Brazil;Mr.;Arthur;S;Gomes;Avenida Marechal Floriano Peixoto 715;Botucatu;SP;Sao Paulo;18600-240;BR;Brazil;ArthurSilvaGomes@teleworm.us;Beigues;xei5oLo0;Mozilla/5.0 (X11; Linux x86_64; rv:66.0) Gecko/20100101 Firefox/66.0;(14) 3754-6428;55;Barbosa;10/21/1969;54;Tecnologia da Informacao
34;male;Brazil;Mr.;Felipe;M;Correia;Rua S 63;Hortolandia;SP;Sao Paulo;13184-541;BR;Brazil;FelipeMartinsCorreia@cuvox.de;Buttly;ahz1Ae4Wu;Mozilla/5.0 (Macintosh; Intel Mac OS X 10_14_4) AppleWebKit/605.1.15 (KHTML like Gecko) Version/12.1 Safari/605.1.15;(19) 4466-5137;55;Melo;10/30/1971;52;Zeladoria
35;female;Brazil;Ms.;Isabella;C;Barros;Vila Sao Luiz 1919;Joao Pessoa;PB;Paraiba;58015-155;BR;Brazil;IsabellaCorreiaBarros@einrot.com;Unchip01;Ap6ahb9c;Mozilla/5.0 (Windows NT 6.1; WOW64; Trident/7.0; rv:11.0) like Gecko;(83) 4215-4594;55;Sousa;4/23/2001;22;Contabilidade
36;male;Brazil;Mr.;Lucas;P;Goncalves;Rua Lirio do Vale 1398;Sao Paulo;SP;Sao Paulo;03927-350;BR;Brazil;LucasPereiraGoncalves@gustr.com;Tedy1967;MoShe8Wi9;Mozilla/5.0 (Macintosh; Intel Mac OS X 10_11_6) AppleWebKit/605.1.15 (KHTML like Gecko) Version/11.1.2 Safari/605.1.15;(11) 4625-4070;55;Correia;12/27/1967;55;Diretoria
37;female;Brazil;Ms.;Anna;S;Araujo;Rua Santo Onofre 634;Santa Barbara D'Oeste;SP;Sao Paulo;13455-453;BR;Brazil;AnnaSilvaAraujo@teleworm.us;Hican1977;ohtah0Voh2o;Mozilla/5.0 (Windows NT 10.0; Win64; x64) AppleWebKit/537.36 (KHTML like Gecko) Chrome/72.0.3626.121 Safari/537.36;(19) 3978-3460;55;Pereira;11/20/1977;46;Zeladoria
38;male;Brazil;Mr.;Alex;A;Barros;Rua Samambaia 363;Passos;MG;Minas Gerais;37900-322;BR;Brazil;AlexAlvesBarros@armyspy.com;Agaisaink;SeidieQu7fee;Mozilla/5.0 (Windows NT 6.1; Win64; x64) AppleWebKit/537.36 (KHTML like Gecko) Chrome/72.0.3626.121 Safari/537.36;(35) 2253-3385;55;Pereira;5/14/1968;55;Contabilidade
39;male;Brazil;Mr.;Rodrigo;C;Sousa;Rua Edmundo Pagiossi Filho 1526;Itapevi;SP;Sao Paulo;06657-200;BR;Brazil;RodrigoCardosoSousa@gustr.com;Fecteve;kohsh0EiL;Mozilla/5.0 (X11; Linux x86_64) AppleWebKit/537.36 (KHTML like Gecko) Chrome/74.0.3729.131 Safari/537.36;(11) 7729-6596;55;Ribeiro;01/06/1969;54;Diretoria
40;female;Brazil;Mrs.;Isabella;B;Araujo;Quadra CA 06 1295;Lago Norte;DF;Distrito Federal;71503-506;BR;Brazil;IsabellaBarbosaAraujo@dayrep.com;Onot1968;xuzee8Air;Mozilla/5.0 (Macintosh; Intel Mac OS X 10_14_4) AppleWebKit/537.36 (KHTML like Gecko) Chrome/74.0.3729.131 Safari/537.36;(61) 6118-6911;55;Castro;08/02/1968;55;Zeladoria
41;female;Brazil;Ms.;Vitoria;B;Azevedo;Rua Serra dos Caiapos 1575;Natal;RN;Rio Grande do Norte;59127-480;BR;Brazil;VitoriaBarbosaAzevedo@gustr.com;Bland1969;aiyieC4yoh;Mozilla/5.0 (Windows NT 10.0; WOW64; Trident/7.0; rv:11.0) like Gecko;(84) 9275-6821;55;Barros;1/14/1969;54;Diretoria
42;male;Brazil;Mr.;Vinicius;R;Costa;Praca Martinho de Abreu Carvalho 194;Bauru;SP;Sao Paulo;17051-463;BR;Brazil;ViniciusRochaCosta@rhyta.com;Anothetim;maiz2AiXeeL;Mozilla/5.0 (Windows NT 10.0; Win64; x64; rv:66.0) Gecko/20100101 Firefox/66.0;(14) 5296-7181;55;Souza;09/07/1966;57;Recursos Humanos
43;female;Brazil;Mrs.;Livia;C;Cunha;Rua Conselheiro Olegario 682;Sao Paulo;SP;Sao Paulo;05093-040;BR;Brazil;LiviaCostaCunha@teleworm.us;Misfor1971;Ooji2yuf;Mozilla/5.0 (Windows NT 6.1; Win64; x64) AppleWebKit/537.36 (KHTML like Gecko) Chrome/73.0.3683.103 Safari/537.36;(11) 2407-3321;55;Fernandes;7/25/1971;52;Zeladoria
44;male;Brazil;Mr.;Fabio;C;Azevedo;Rua Campestre 823;Rio de Janeiro;RJ;Rio de Janeiro;23585-240;BR;Brazil;FabioCorreiaAzevedo@teleworm.us;Kied1971;Fie7Ietu;Mozilla/5.0 (Windows NT 6.1; WOW64) AppleWebKit/537.36 (KHTML like Gecko) Chrome/73.0.3683.86 YaBrowser/19.4.0.2397 Yowser/2.5 Safari/537.36;(21) 7699-2054;55;Cardoso;8/25/1971;52;Recursos Humanos
45;male;Brazil;Mr.;Kaua;D;Oliveira;Caminho 7-Setor 03 1566;Salvador;BA;Bahia;41340-640;BR;Brazil;KauaDiasOliveira@rhyta.com;Howle1968;othaiso1Ee;Mozilla/5.0 (Windows NT 10.0; Win64; x64) AppleWebKit/537.36 (KHTML like Gecko) Chrome/71.0.3578.98 Safari/537.36 OPR/58.0.3135.132;(71) 9653-6635;55;Oliveira;2/27/1968;55;Tecnologia da Informacao
46;female;Brazil;Mrs.;Matilde;G;Rodrigues;Rua Francisco Beltrao 264;Joinville;SC;Santa Catarina;89225-866;BR;Brazil;MatildeGoncalvesRodrigues@gustr.com;Whers1968;aikai5Eingoh;Mozilla/5.0 (Windows NT 6.1; rv:66.0) Gecko/20100101 Firefox/66.0;(47) 4414-5926;55;Ferreira;8/20/1968;55;Zeladoria
47;female;Brazil;Dr.;Rafaela;S;Ribeiro;Rua Miguel Foggiatto Sobrinho 120;Sao Jose dos Pinhais;PR;Parana;83010-100;BR;Brazil;RafaelaSousaRibeiro@gustr.com;Troses2002;saxoo0Ahba9ei;Mozilla/5.0 (Macintosh; Intel Mac OS X 10_14_4) AppleWebKit/605.1.15 (KHTML like Gecko) Version/12.1 Safari/605.1.15;(41) 2250-6883;55;Melo;11/17/2002;21;Zeladoria
48;male;Brazil;Mr.;Kauan;C;Almeida;Rua Doutor Simao Carvalho Luz 298;Uberlandia;MG;Minas Gerais;38408-718;BR;Brazil;KauanCunhaAlmeida@gustr.com;Frue1967;Iewae2chuk2;Mozilla/5.0 (Windows NT 6.1) AppleWebKit/537.36 (KHTML like Gecko) Chrome/74.0.3729.131 Safari/537.36;(34) 4680-7483;55;Costa;12/09/1967;55;Contabilidade
49;female;Brazil;Dr.;Beatriz;O;Cavalcanti;Rua Eurides Goncalves Saldanha 490;Curitiba;PR;Parana;81770-710;BR;Brazil;BeatrizOliveiraCavalcanti@dayrep.com;Sentwo;ahwi0aeX0Ph;Mozilla/5.0 (Windows NT 10.0; Win64; x64) AppleWebKit/537.36 (KHTML like Gecko) Chrome/73.0.3683.103 Safari/537.36;(41) 7921-7910;55;Rodrigues;7/15/1968;55;Diretoria
50;female;Brazil;Ms.;Thais;S;Rodrigues;Quadra Quadra 132 95;Novo Gama;GO;Goias;72865-132;BR;Brazil;ThaisSantosRodrigues@gustr.com;Turd1968;AiR4eituni;Mozilla/5.0 (Windows NT 10.0; Win64; x64) AppleWebKit/537.36 (KHTML like Gecko) Chrome/73.0.3683.103 Safari/537.36;(61) 7880-9453;55;Cardoso;3/16/1968;55;Tecnologia da Informacao
51;male;Brazil;Mr.;Gabriel;R;Rodrigues;Avenida Rafael Alves Lopes 1290;Araraquara;SP;Sao Paulo;14800-735;BR;Brazil;GabrielRibeiroRodrigues@rhyta.com;Thasce;eBie9chovaiSoh;Mozilla/5.0 (Windows NT 10.0; Win64; x64) AppleWebKit/537.36 (KHTML like Gecko) Chrome/73.0.3683.103 Safari/537.36;(16) 7067-8584;55;Lima;1/31/1973;50;Financeiro
52;female;Brazil;Ms.;Luiza;B;Lima;Quadra QNG 20 1306;Taguatinga;DF;Distrito Federal;72130-200;BR;Brazil;LuizaBarbosaLima@armyspy.com;Ellonly;OhvuJie2oh;Mozilla/5.0 (Macintosh; Intel Mac OS X 10.14; rv:66.0) Gecko/20100101 Firefox/66.0;(61) 6124-9162;55;Gomes;08/07/1969;54;Zeladoria
53;female;Brazil;Mrs.;Matilde;S;Lima;Rua W2 60;Guarulhos;SP;Sao Paulo;07174-501;BR;Brazil;MatildeSilvaLima@dayrep.com;Lestoregre1977;Gai6eetai2;Mozilla/5.0 (Windows NT 10.0; Win64; x64) AppleWebKit/537.36 (KHTML like Gecko) Chrome/74.0.3729.131 Safari/537.36;(11) 7828-8185;55;Fernandes;9/15/1977;46;Recursos Humanos
54;male;Brazil;Mr.;Paulo;F;Barros;Rua Vicente Tozo 95;Sao Jose dos Pinhais;PR;Parana;83065-485;BR;Brazil;PauloFernandesBarros@fleckens.hu;Doingunt;oop5Ahwi4ie;Mozilla/5.0 (Windows NT 10.0; Win64; x64) AppleWebKit/537.36 (KHTML like Gecko) Chrome/58.0.3029.110 Safari/537.36 Edge/16.16299;(41) 7244-2328;55;Ferreira;4/13/2001;22;Financeiro
55;female;Brazil;Mrs.;Emilly;C;Fernandes;Rua Jose Jardim da Silveira 1548;Sao Paulo;SP;Sao Paulo;04674-230;BR;Brazil;EmillyCastroFernandes@teleworm.us;Jonan2003;lohn2aiCa4;Mozilla/5.0 (Windows NT 6.1; Win64; x64; rv:66.0) Gecko/20100101 Firefox/66.0;(11) 3321-8436;55;Ribeiro;11/02/2003;20;Zeladoria
56;female;Brazil;Dr.;Giovanna;M;Correia;Travessa Napoleao Barbosa 250;Tres Rios;RJ;Rio de Janeiro;25821-170;BR;Brazil;GiovannaMartinsCorreia@einrot.com;Treadevent1977;soJe5sooYeH;Mozilla/5.0 (Windows NT 10.0; Win64; x64) AppleWebKit/537.36 (KHTML like Gecko) Chrome/73.0.3683.103 Safari/537.36;(24) 8654-3873;55;Alves;5/16/1977;46;Contabilidade
57;male;Brazil;Mr.;Kaua;A;Cunha;Largo da Mariquita 872;Salvador;BA;Bahia;41940-380;BR;Brazil;KauaAraujoCunha@cuvox.de;Truire;vuoY7ejeigh;Mozilla/5.0 (Windows NT 6.1; WOW64) AppleWebKit/537.36 (KHTML like Gecko) Chrome/73.0.3683.86 YaBrowser/19.4.0.2397 Yowser/2.5 Safari/537.36;(71) 2948-5094;55;Ferreira;9/29/1969;54;Tecnologia da Informacao
58;female;Brazil;Ms.;Isabelle;F;Martins;Rua Sao Vicente 1785;Ribeirao das Neves;MG;Minas Gerais;33900-140;BR;Brazil;IsabelleFernandesMartins@jourrapide.com;Youded;Wa7ood2dek0;Mozilla/5.0 (Windows NT 10.0; WOW64; Trident/7.0; rv:11.0) like Gecko;(31) 8957-4013;55;Ribeiro;4/16/1977;46;Financeiro
59;male;Brazil;Mr.;Caio;C;Castro;Rua Cruzeiro do Sul 1544;Sao Joao de Meriti;RJ;Rio de Janeiro;25580-490;BR;Brazil;CaioCostaCastro@cuvox.de;Ephat1976;Iyiec4ooth;Mozilla/5.0 (Macintosh; Intel Mac OS X 10_14_4) AppleWebKit/605.1.15 (KHTML like Gecko) Version/12.1 Safari/605.1.15;(21) 4061-8376;55;Martins;11/30/1976;46;Contabilidade
60;male;Brazil;Mr.;Erick;G;Ferreira;Rua Joao Corradine 1317;Pirassununga;SP;Sao Paulo;13631-460;BR;Brazil;ErickGomesFerreira@dayrep.com;Cueen1971;moos2rai6M;Mozilla/5.0 (Windows NT 10.0; Win64; x64) AppleWebKit/537.36 (KHTML like Gecko) Chrome/73.0.3683.103 Safari/537.36;(19) 7295-4157;55;Martins;6/15/1971;52;Financeiro
61;female;Brazil;Ms.;Laura;R;Pinto;Rua Sao Valentin 317;Blumenau;SC;Santa Catarina;89053-330;BR;Brazil;LauraRochaPinto@einrot.com;Bron2002;ahgoo4Fei;Mozilla/5.0 (Windows NT 6.1; Win64; x64) AppleWebKit/537.36 (KHTML like Gecko) Chrome/74.0.3729.131 Safari/537.36;(47) 2088-4186;55;Goncalves;10/20/2002;21;Tecnologia da Informacao
62;male;Brazil;Mr.;Enzo;A;Ribeiro;Rodovia SP-333 1805;Assis;SP;Sao Paulo;19806-760;BR;Brazil;EnzoAraujoRibeiro@teleworm.us;Habovery;ao8kohC0;Mozilla/5.0 (Windows NT 6.1; Win64; x64; rv:66.0) Gecko/20100101 Firefox/66.0;(18) 4338-9221;55;Rocha;6/19/1966;57;Financeiro
63;female;Brazil;Ms.;Luiza;P;Oliveira;Rua Natalino Alves Machado 1553;Ourinhos;SP;Sao Paulo;19913-340;BR;Brazil;LuizaPintoOliveira@cuvox.de;Krounist;eeNg7ewah;Mozilla/5.0 (Windows NT 10.0; Win64; x64) AppleWebKit/537.36 (KHTML like Gecko) Chrome/64.0.3282.140 Safari/537.36 Edge/17.17134;(14) 3753-4872;55;Goncalves;05/05/2001;22;Contabilidade
64;male;Brazil;Mr.;Samuel;R;Carvalho;Rua Reverendo Frederico Martins 247;Santana do Livramento;RS;Rio Grande do Sul;97578-620;BR;Brazil;SamuelRibeiroCarvalho@einrot.com;Dolveng;AhBoh5woo;Mozilla/5.0 (Macintosh; Intel Mac OS X 10_14_0) AppleWebKit/537.36 (KHTML like Gecko) Chrome/74.0.3729.131 Safari/537.36;(55) 2726-7792;55;Pinto;03/07/2001;22;Tecnologia da Informacao
65;female;Brazil;Ms.;Ana;C;Barbosa;Travessa das Casuarinas 1627;Londrina;PR;Parana;86050-580;BR;Brazil;AnaCorreiaBarbosa@fleckens.hu;Succall;Aidah6ahnae;Mozilla/5.0 (Windows NT 10.0; Win64; x64) AppleWebKit/537.36 (KHTML like Gecko) Chrome/73.0.3683.86 Safari/537.36;(43) 8097-2278;55;Rodrigues;7/22/1977;46;Diretoria
66;male;Brazil;Mr.;Vitor;C;Rodrigues;Rua Copacabana 1530;Cotia;SP;Sao Paulo;06705-471;BR;Brazil;VitorCardosoRodrigues@jourrapide.com;Rusess03;uXo1Luuph;Mozilla/5.0 (Windows NT 6.1; WOW64) AppleWebKit/537.36 (KHTML like Gecko) Chrome/73.0.3683.86 YaBrowser/19.4.0.2397 Yowser/2.5 Safari/537.36;(11) 4778-7823;55;Oliveira;3/23/2003;20;Financeiro
67;male;Brazil;Mr.;Guilherme;A;Santos;Rua Antonio Menezes 1483;Olinda;PE;Pernambuco;53110-190;BR;Brazil;GuilhermeAraujoSantos@einrot.com;Durfult;AbahGae7ah;Mozilla/5.0 (Windows NT 10.0; Win64; x64) AppleWebKit/537.36 (KHTML like Gecko) Chrome/74.0.3729.157 Safari/537.36;(81) 4783-6392;55;Dias;12/13/1967;55;Contabilidade
68;male;Brazil;Mr.;Tomas;C;Azevedo;Praca Marechal Deodoro da Fonseca 717;Itapetininga;SP;Sao Paulo;18200-007;BR;Brazil;TomasCavalcantiAzevedo@armyspy.com;Buddard;gohHohDo9goh;Mozilla/5.0 (Windows NT 6.3; Win64; x64; rv:66.0) Gecko/20100101 Firefox/66.0;(15) 7483-4162;55;Pinto;10/09/2001;22;Tecnologia da Informacao
69;male;Brazil;Mr.;Estevan;A;Alves;Avenida Santos Dumont 1863;Ferraz de Vasconcelos;SP;Sao Paulo;08533-000;BR;Brazil;EstevanAzevedoAlves@dayrep.com;Hateref;coh1Loo5ie;Mozilla/5.0 (X11; Linux x86_64) AppleWebKit/537.36 (KHTML like Gecko) Ubuntu Chromium/73.0.3683.86 Chrome/73.0.3683.86 Safari/537.36;(11) 6940-3820;55;Souza;08/08/1971;52;Zeladoria
70;female;Brazil;Ms.;Emilly;P;Pereira;Rua Raul Pompeia 1482;Ponta Grossa;PR;Parana;84016-100;BR;Brazil;EmillyPintoPereira@jourrapide.com;Mathaddley;eew4VeiXai;Mozilla/5.0 (Windows NT 10.0; Win64; x64) AppleWebKit/537.36 (KHTML like Gecko) Chrome/74.0.3729.157 Safari/537.36;(42) 7027-2879;55;Rodrigues;07/04/1971;52;Diretoria
71;female;Brazil;Mrs.;Sophia;S;Melo;Rua Coronel Jaime Rolemberg de Lima 1714;Porto Alegre;RS;Rio Grande do Sul;91550-150;BR;Brazil;SophiaSantosMelo@dayrep.com;Bricip;thee3Jee;Mozilla/5.0 (Windows NT 10.0; Win64; x64) AppleWebKit/537.36 (KHTML like Gecko) Chrome/74.0.3729.131 Safari/537.36;(51) 7195-5042;55;Gomes;01/07/1966;57;Diretoria
72;female;Brazil;Ms.;Camila;P;Castro;Rua Rondonia 1163;Paulista;PE;Pernambuco;53411-310;BR;Brazil;CamilaPintoCastro@gustr.com;Downew;Chi3deiqu;Mozilla/5.0 (Windows NT 10.0; Win64; x64; rv:66.0) Gecko/20100101 Firefox/66.0;(81) 8604-5460;55;Barbosa;7/27/1966;57;Zeladoria
73;male;Brazil;Mr.;Gabriel;R;Silva;Rua Zeferino Vieira 1175;Teresina;PI;Piaui;64019-020;BR;Brazil;GabrielRochaSilva@superrito.com;Yonstopir;ooj7AuRiir;Mozilla/5.0 (Macintosh; Intel Mac OS X 10.14; rv:66.0) Gecko/20100101 Firefox/66.0;(86) 3349-2949;55;Souza;6/28/1969;54;Diretoria
74;male;Brazil;Mr.;Nicolash;C;Goncalves;Travessa Bento de Farias 1229;Caruaru;PE;Pernambuco;55006-251;BR;Brazil;NicolashCarvalhoGoncalves@rhyta.com;Useen1968;ahgeiP6bei;Mozilla/5.0 (Macintosh; Intel Mac OS X 10_13_6) AppleWebKit/537.36 (KHTML like Gecko) Chrome/73.0.3683.103 Safari/537.36;(81) 7540-6554;55;Cavalcanti;10/16/1968;55;Tecnologia da Informacao
75;female;Brazil;Ms.;Thais;A;Pereira;Rua Sao Francisco Xavier 549;Niteroi;RJ;Rio de Janeiro;24370-660;BR;Brazil;ThaisAlmeidaPereira@teleworm.us;Expecten;fi3cheiGh4;Mozilla/5.0 (X11; Linux x86_64) AppleWebKit/537.36 (KHTML like Gecko) Ubuntu Chromium/73.0.3683.86 Chrome/73.0.3683.86 Safari/537.36;(21) 7484-3960;55;Oliveira;3/31/2002;21;Financeiro
76;female;Brazil;Mrs.;Bianca;M;Souza;Avenida Ana Maria 136;Leme;SP;Sao Paulo;13610-430;BR;Brazil;BiancaMartinsSouza@dayrep.com;Brie1966;Eisa8if7;Mozilla/5.0 (Macintosh; Intel Mac OS X 10_14_4) AppleWebKit/537.36 (KHTML like Gecko) Chrome/73.0.3683.86 Safari/537.36;(19) 4244-5917;55;Barbosa;06/12/1966;57;Financeiro
77;male;Brazil;Mr.;Pedro;S;Fernandes;Rua Aloizio Lins 770;Araucaria;PR;Parana;83708-480;BR;Brazil;PedroSouzaFernandes@cuvox.de;Wrign1965;deu5is0Ofae;Mozilla/5.0 (Windows NT 10.0; Win64; x64) AppleWebKit/537.36 (KHTML like Gecko) Chrome/72.0.3626.121 Safari/537.36;(41) 8480-7112;55;Pereira;12/12/1965;57;Contabilidade
78;female;Brazil;Mrs.;Leila;A;Rodrigues;Rua Fernao Dias 1966;Umuarama;PR;Parana;87502-260;BR;Brazil;LeilaAlmeidaRodrigues@superrito.com;Putted1970;jeiM5eB8;Mozilla/5.0 (Windows NT 10.0; Win64; x64) AppleWebKit/537.36 (KHTML like Gecko) Chrome/74.0.3729.157 Safari/537.36;(44) 4224-7064;55;Barros;12/26/1970;52;Diretoria
79;female;Brazil;Mrs.;Sophia;A;Silva;Rua Quito 74;Foz do Iguacu;PR;Parana;85858-070;BR;Brazil;SophiaAlmeidaSilva@einrot.com;Theigh1968;Jah4Wef0Ur;Mozilla/5.0 (Macintosh; Intel Mac OS X 10_14_4) AppleWebKit/537.36 (KHTML like Gecko) Chrome/73.0.3683.103 Safari/537.36;(45) 3660-2931;55;Barbosa;12/02/1968;54;Contabilidade
80;male;Brazil;Mr.;Paulo;S;Dias;Beco Papa Pio XII 1497;Vila Velha;ES;Espirito Santo;29119-301;BR;Brazil;PauloSousaDias@jourrapide.com;Wourroon03;okah6meiY;Mozilla/5.0 (Macintosh; Intel Mac OS X 10_12_6) AppleWebKit/537.36 (KHTML like Gecko) Chrome/73.0.3683.103 Safari/537.36;(27) 7749-8597;55;Melo;01/06/2003;20;Diretoria
81;female;Brazil;Ms.;Bianca;A;Barros;Rua Itapoa 1336;Goiania;GO;Goias;74455-374;BR;Brazil;BiancaAlmeidaBarros@jourrapide.com;Themanty;Wushahchek2;Mozilla/5.0 (Windows NT 10.0; Win64; x64) AppleWebKit/537.36 (KHTML like Gecko) Chrome/73.0.3683.103 Safari/537.36;(62) 2941-4405;55;Ferreira;8/26/1971;52;Recursos Humanos
82;female;Brazil;Mrs.;Ana;C;Dias;Rua Guilherme Luiz de Carvalho 1755;Osasco;SP;Sao Paulo;06288-220;BR;Brazil;AnaCorreiaDias@jourrapide.com;Cinceres1977;Li9eequ0;Mozilla/5.0 (Windows NT 10.0; Win64; x64) AppleWebKit/537.36 (KHTML like Gecko) Chrome/74.0.3729.108 Safari/537.36;(11) 9524-4422;55;Souza;4/21/1977;46;Contabilidade
83;male;Brazil;Mr.;Ryan;B;Barbosa;Rua do Tesouro 1819;Guarulhos;SP;Sao Paulo;07182-190;BR;Brazil;RyanBarrosBarbosa@cuvox.de;Hoot1971;iTh9xeif2;Mozilla/5.0 (Windows NT 10.0; Win64; x64) AppleWebKit/537.36 (KHTML like Gecko) Chrome/64.0.3282.140 Safari/537.36 Edge/17.17134;(11) 3869-2693;55;Lima;02/05/1971;52;Financeiro
84;female;Brazil;Mrs.;Nicole;A;Santos;Rua das Carambolas 830;Fortaleza;CE;Ceara;60812-485;BR;Brazil;NicoleAlvesSantos@fleckens.hu;Riblits;Phoh5oVat6o;Mozilla/5.0 (Windows NT 6.1; Win64; x64) AppleWebKit/537.36 (KHTML like Gecko) Chrome/73.0.3683.103 Safari/537.36;(85) 3284-3878;55;Martins;07/01/2003;20;Diretoria
85;male;Brazil;Mr.;Kai;C;Melo;Rua Guido Fecchio 392;Cotia;SP;Sao Paulo;06700-105;BR;Brazil;KaiCardosoMelo@cuvox.de;Theactiones;ahl9Quiegh;Mozilla/5.0 (Windows NT 6.3; Win64; x64) AppleWebKit/537.36 (KHTML like Gecko) Chrome/74.0.3729.131 Safari/537.36;(11) 5102-3013;55;Alves;10/25/1968;55;Zeladoria
86;male;Brazil;Mr.;Luiz;R;Barros;Rua Mario Padovani 1509;Campinas;SP;Sao Paulo;13068-277;BR;Brazil;LuizRibeiroBarros@teleworm.us;Gooke2001;Yaoh0eesh;Mozilla/5.0 (X11; Linux x86_64) AppleWebKit/537.36 (KHTML like Gecko) Chrome/74.0.3729.108 Safari/537.36;(19) 6946-3909;55;Dias;07/01/2001;22;Diretoria
87;male;Brazil;Mr.;Rodrigo;M;Pinto;Travessa Natuba 432;Camaragibe;PE;Pernambuco;54780-101;BR;Brazil;RodrigoMartinsPinto@gustr.com;Baceaven66;ies2AT8qu;Mozilla/5.0 (Macintosh; Intel Mac OS X 10_14_4) AppleWebKit/537.36 (KHTML like Gecko) Chrome/74.0.3729.108 Safari/537.36;(81) 7094-3926;55;Dias;9/22/1966;57;Recursos Humanos
88;female;Brazil;Mrs.;Clara;S;Sousa;Rua Maria de Rohan 646;Sao Paulo;SP;Sao Paulo;04412-160;BR;Brazil;ClaraSantosSousa@cuvox.de;Sagoint;Loong1of;Mozilla/5.0 (Macintosh; Intel Mac OS X 10.14; rv:66.0) Gecko/20100101 Firefox/66.0;(11) 9511-8877;55;Almeida;10/30/1966;57;Zeladoria
89;female;Brazil;Mrs.;Bruna;S;Souza;Rua Urca 296;Sao Joao de Meriti;RJ;Rio de Janeiro;25575-810;BR;Brazil;BrunaSilvaSouza@jourrapide.com;Therainged;iefa8Ooc0kie;Mozilla/5.0 (Windows NT 6.1; Win64; x64; rv:60.0) Gecko/20100101 Firefox/60.0;(21) 5506-4427;55;Fernandes;07/12/1977;46;Diretoria
90;female;Brazil;Mrs.;Livia;R;Correia;Rua Messejana 996;Recife;PE;Pernambuco;52280-364;BR;Brazil;LiviaRochaCorreia@armyspy.com;Preigaing;zis9ohL8fin;Mozilla/5.0 (Windows NT 10.0; Win64; x64; rv:66.0) Gecko/20100101 Firefox/66.0;(81) 9650-7054;55;Alves;12/09/2001;21;Contabilidade
91;female;Brazil;Mrs.;Beatriz;B;Alves;Rua Jose Marcassa 1325;Curitiba;PR;Parana;81810-560;BR;Brazil;BeatrizBarbosaAlves@armyspy.com;Dwand1973;Du7quuroh4;Mozilla/5.0 (Windows NT 6.1; Win64; x64) AppleWebKit/537.36 (KHTML like Gecko) Chrome/74.0.3729.169 Safari/537.36;(41) 5500-8119;55;Gomes;03/07/1973;50;Tecnologia da Informacao
92;male;Brazil;Mr.;Danilo;C;Souza;Rua do Flamboyant Amarelo 1001;Serra;ES;Espirito Santo;29177-680;BR;Brazil;DaniloCarvalhoSouza@armyspy.com;Plabou;chaiS0iesei;Mozilla/5.0 (Macintosh; Intel Mac OS X 10.14; rv:66.0) Gecko/20100101 Firefox/66.0;(27) 6051-2625;55;Costa;04/09/1973;50;Financeiro
93;male;Brazil;Mr.;Felipe;C;Dias;Avenida Pacaembu 81;Sao Paulo;SP;Sao Paulo;01155-000;BR;Brazil;FelipeCostaDias@armyspy.com;Courriund;ieNgeiK2ee;Mozilla/5.0 (Macintosh; Intel Mac OS X 10_14_3) AppleWebKit/537.36 (KHTML like Gecko) Chrome/73.0.3683.103 Safari/537.36;(11) 9188-7226;55;Rodrigues;8/15/2003;20;Zeladoria
94;female;Brazil;Mrs.;Melissa;C;Pereira;Rua Carlos Alberto Carvalho Pinto 1481;Campinas;SP;Sao Paulo;13050-729;BR;Brazil;MelissaCastroPereira@gustr.com;Huss2002;Eih9aesee;Mozilla/5.0 (Windows NT 6.2; WOW64) AppleWebKit/537.36 (KHTML like Gecko) Chrome/68.0.3440.106 Safari/537.36;(19) 3287-5086;55;Pinto;11/30/2002;20;Contabilidade
95;male;Brazil;Mr.;Douglas;F;Silva;Rua Joao Evangelista 838;Guarulhos;SP;Sao Paulo;07143-360;BR;Brazil;DouglasFerreiraSilva@teleworm.us;Linceres;oosh4ohLoo;Mozilla/5.0 (Windows NT 10.0; Win64; x64) AppleWebKit/537.36 (KHTML like Gecko) Chrome/73.0.3683.103 Safari/537.36;(11) 9871-9930;55;Rodrigues;7/28/1968;55;Zeladoria
96;female;Brazil;Mrs.;Tania;R;Rodrigues;Rua Clovis Avila 901;Recife;PE;Pernambuco;50940-730;BR;Brazil;TaniaRochaRodrigues@fleckens.hu;Wasseen;uZie6eeM;Mozilla/5.0 (Windows NT 10.0; Win64; x64) AppleWebKit/537.36 (KHTML like Gecko) Chrome/74.0.3729.157 Safari/537.36;(81) 7543-8104;55;Carvalho;04/11/1971;52;Financeiro
97;male;Brazil;Mr.;Murilo;F;Araujo;Rua Aniz Nasralla 1692;Bauru;SP;Sao Paulo;17053-060;BR;Brazil;MuriloFerreiraAraujo@superrito.com;Thavinct1973;pipoatheSh5;Mozilla/5.0 (X11; Linux x86_64) AppleWebKit/537.36 (KHTML like Gecko) Chrome/73.0.3683.103 Safari/537.36;(14) 9367-7186;55;Silva;02/07/1973;50;Financeiro
98;female;Brazil;Ms.;Emilly;C;Ribeiro;Avenida Terceira Avenida Bloco 1220 868;Nucleo Bandeirante;DF;Distrito Federal;71720-007;BR;Brazil;EmillyCostaRibeiro@cuvox.de;Mostright;Bus4Lei8o;Mozilla/5.0 (Macintosh; Intel Mac OS X 10_13_6) AppleWebKit/537.36 (KHTML like Gecko) Chrome/73.0.3683.103 Safari/537.36;(61) 9969-3251;55;Costa;4/18/1968;55;Financeiro
99;female;Brazil;Mrs.;Amanda;D;Sousa;Rua Vanda de Souza Ramon 1760;Sao Paulo;SP;Sao Paulo;04306-100;BR;Brazil;AmandaDiasSousa@teleworm.us;Waryin;quooM1poo;Mozilla/5.0 (Windows NT 10.0; Win64; x64) AppleWebKit/537.36 (KHTML like Gecko) Chrome/74.0.3729.131 Safari/537.36;(11) 4975-3967;55;Lima;1/25/2001;22;Financeiro
100;female;Brazil;Ms.;Carla;C;Ferreira;Rua Antonio Lobosqui 1494;Franca;SP;Sao Paulo;14403-638;BR;Brazil;CarlaCostaFerreira@einrot.com;Giceit;AiZeewe6kae;Mozilla/5.0 (Windows NT 6.1; Win64; x64) AppleWebKit/537.36 (KHTML like Gecko) Chrome/74.0.3729.131 Safari/537.36;(16) 2428-7737;55;Silva;1/25/1966;57;Financeiro
101;male;Brazil;Mr.;Vitor;B;Castro;Rua Moraes Pinheiro 1940;Rio de Janeiro;RJ;Rio de Janeiro;21645-410;BR;Brazil;VitorBarbosaCastro@teleworm.us;Baced1977;Cah1AQuoht;Mozilla/5.0 (Windows NT 6.2; WOW64) AppleWebKit/537.36 (KHTML like Gecko) Chrome/68.0.3440.106 Safari/537.36;(21) 3162-6344;55;Cavalcanti;11/12/1977;46;Zeladoria
102;male;Brazil;Mr.;Thiago;S;Pinto;Rua Vereador Manoel Bueno 1254;Varginha;MG;Minas Gerais;37022-420;BR;Brazil;ThiagoSouzaPinto@rhyta.com;Driers;ieK0aeFahgh;Mozilla/5.0 (Macintosh; Intel Mac OS X 10_14_4) AppleWebKit/605.1.15 (KHTML like Gecko) Version/12.1 Safari/605.1.15;(35) 9478-7633;55;Costa;11/21/1976;46;Zeladoria
103;female;Brazil;Mrs.;Gabrielly;C;Pereira;Rua Mirassolandia 1829;Piracicaba;SP;Sao Paulo;13408-192;BR;Brazil;GabriellyCardosoPereira@rhyta.com;Excumse;eeJ8eidi;Mozilla/5.0 (Windows NT 10.0; Win64; x64) AppleWebKit/537.36 (KHTML like Gecko) Chrome/73.0.3683.103 Safari/537.36;(19) 9632-2360;55;Barros;3/16/1966;57;Tecnologia da Informacao
104;male;Brazil;Mr.;Rafael;A;Oliveira;3a Travessa Caruaru 235;Abreu e Lima;PE;Pernambuco;53550-591;BR;Brazil;RafaelAlmeidaOliveira@gustr.com;Unfinamess;choo3ahPh8th;Mozilla/5.0 (Macintosh; Intel Mac OS X 10_14_4) AppleWebKit/605.1.15 (KHTML like Gecko) Version/12.1 Safari/605.1.15;(81) 4942-2291;55;Rocha;08/01/1968;55;Zeladoria
105;female;Brazil;Mrs.;Sophia;S;Rodrigues;Travessa Levi Rodrigues 864;Nilopolis;RJ;Rio de Janeiro;26520-003;BR;Brazil;SophiaSousaRodrigues@fleckens.hu;Colosea;po7IoHoch8;Mozilla/5.0 (Macintosh; Intel Mac OS X 10_14_4) AppleWebKit/605.1.15 (KHTML like Gecko) Version/12.1 Safari/605.1.15;(21) 5565-9638;55;Sousa;5/22/2003;20;Financeiro
106;male;Brazil;Mr.;Luan;L;Rodrigues;Rua Professor Rocha Lagoa 1292;Rio de Janeiro;RJ;Rio de Janeiro;22770-390;BR;Brazil;LuanLimaRodrigues@cuvox.de;Sheithers68;ailit1dooHo;Mozilla/5.0 (iPad; CPU OS 12_2 like Mac OS X) AppleWebKit/605.1.15 (KHTML like Gecko) Version/12.1 Mobile/15E148 Safari/604.1;(21) 2256-7926;55;Fernandes;7/21/1968;55;Diretoria
107;female;Brazil;Ms.;Leila;B;Rodrigues;Rua Manoel Antonio Vieira 844;Campos dos Goytacazes;RJ;Rio de Janeiro;28085-170;BR;Brazil;LeilaBarbosaRodrigues@jourrapide.com;Froutilt1971;ai8ahNgie;Mozilla/5.0 (Windows NT 10.0; WOW64) AppleWebKit/537.36 (KHTML like Gecko) Chrome/73.0.3683.86 YaBrowser/19.4.0.2397 Yowser/2.5 Safari/537.36;(22) 9768-2962;55;Goncalves;08/05/1971;52;Zeladoria
108;male;Brazil;Mr.;Matheus;C;Goncalves;Rua Dois de Maio 492;Viamao;RS;Rio Grande do Sul;94470-170;BR;Brazil;MatheusCavalcantiGoncalves@superrito.com;Fitered;eo8fai5Cing;Mozilla/5.0 (Windows NT 10.0; WOW64; Trident/7.0; rv:11.0) like Gecko;(51) 7307-7495;55;Correia;10/14/2003;20;Tecnologia da Informacao
109;female;Brazil;Mrs.;Ana;A;Ferreira;Rua Ricardo Barreto 1522;Sao Paulo;SP;Sao Paulo;05376-210;BR;Brazil;AnaAlvesFerreira@cuvox.de;Ocket1966;ooNg1vae6Ei;Mozilla/5.0 (Macintosh; Intel Mac OS X 10_14_4) AppleWebKit/537.36 (KHTML like Gecko) Chrome/73.0.3683.103 Safari/537.36;(11) 4903-7398;55;Cardoso;10/23/1966;57;Zeladoria
110;male;Brazil;Mr.;Paulo;B;Cunha;Rua Getulio Vargas 1334;Rondonopolis;MT;Mato Grosso;78710-135;BR;Brazil;PauloBarbosaCunha@cuvox.de;Hapostor;athiuNaem4;Mozilla/5.0 (Macintosh; Intel Mac OS X 10_14_4) AppleWebKit/605.1.15 (KHTML like Gecko) Version/12.1 Safari/605.1.15;(66) 7485-3314;55;Barbosa;12/10/1965;57;Contabilidade
111;female;Brazil;Mrs.;Lavinia;P;Goncalves;Travessa Padre Anchieta 1500;Cariacica;ES;Espirito Santo;29147-305;BR;Brazil;LaviniaPintoGoncalves@gustr.com;Cous1972;Za4eeniy9;Mozilla/5.0 (Macintosh; Intel Mac OS X 10_14_4) AppleWebKit/537.36 (KHTML like Gecko) Chrome/74.0.3729.131 Safari/537.36;(27) 8818-7339;55;Rocha;11/30/1972;50;Contabilidade
112;male;Brazil;Mr.;Marcos;A;Melo;Rua Sao Jose do Calcado 841;Vitoria;ES;Espirito Santo;29056-080;BR;Brazil;MarcosAraujoMelo@fleckens.hu;Pronful;boh3xeYoo;Mozilla/5.0 (X11; Linux x86_64) AppleWebKit/537.36 (KHTML like Gecko) Chrome/74.0.3729.108 Safari/537.36;(27) 4707-5084;55;Ferreira;07/04/1968;55;Diretoria
113;male;Brazil;Mr.;Joao;C;Silva;Rua Flavio Uchoa 1161;Ribeirao Preto;SP;Sao Paulo;14080-430;BR;Brazil;JoaoCostaSilva@jourrapide.com;Moderfe;Queech1quee;Mozilla/5.0 (Windows NT 10.0; Win64; x64; rv:66.0) Gecko/20100101 Firefox/66.0;(16) 7156-8812;55;Gomes;08/06/2002;21;Zeladoria
114;male;Brazil;Mr.;Rodrigo;B;Santos;Rua Luiz Lutti 124;Sao Paulo;SP;Sao Paulo;04822-080;BR;Brazil;RodrigoBarbosaSantos@superrito.com;Smition;Aesae0Wouk;Mozilla/5.0 (Macintosh; Intel Mac OS X 10.14; rv:66.0) Gecko/20100101 Firefox/66.0;(11) 5674-3261;55;Pinto;07/06/1969;54;Diretoria
115;female;Brazil;Ms.;Larissa;B;Castro;Rua Francisco Lazaro de Campos 747;Sorocaba;SP;Sao Paulo;18078-644;BR;Brazil;LarissaBarbosaCastro@rhyta.com;Saysix;pai4zoo5Ae;Mozilla/5.0 (Windows NT 10.0; Win64; x64) AppleWebKit/537.36 (KHTML like Gecko) Chrome/74.0.3729.157 Safari/537.36;(15) 2896-5078;55;Azevedo;04/07/1966;57;Financeiro
116;female;Brazil;Ms.;Brenda;C;Cardoso;Rua 14 505;Goiania;GO;Goias;74730-250;BR;Brazil;BrendaCastroCardoso@einrot.com;Whispooke;heisieng7D;Mozilla/5.0 (Windows NT 10.0; Win64; x64; rv:66.0) Gecko/20100101 Firefox/66.0;(62) 2518-9407;55;Pereira;06/06/1971;52;Financeiro
117;male;Brazil;Mr.;Bruno;C;Correia;Rua Jipioca 1067;Sao Paulo;SP;Sao Paulo;08140-390;BR;Brazil;BrunoCavalcantiCorreia@fleckens.hu;Ficeive;vai7GubaiTi;Mozilla/5.0 (Windows NT 10.0; Win64; x64) AppleWebKit/537.36 (KHTML like Gecko) Chrome/64.0.3282.140 Safari/537.36 Edge/18.17763;(11) 4895-7925;55;Alves;02/06/1977;46;Financeiro
118;female;Brazil;Mrs.;Melissa;S;Carvalho;Rua Cipriano Funtan 679;Sao Paulo;SP;Sao Paulo;08311-320;BR;Brazil;MelissaSantosCarvalho@armyspy.com;Ountracentle;Raigh4oqu3o;Mozilla/5.0 (Windows NT 10.0; Win64; x64) AppleWebKit/537.36 (KHTML like Gecko) Chrome/74.0.3729.157 Safari/537.36;(11) 7997-5726;55;Dias;3/26/1966;57;Financeiro
119;male;Brazil;Mr.;Andre;A;Cunha;Rua Francisco Cera 1363;Pirassununga;SP;Sao Paulo;13633-085;BR;Brazil;AndreAzevedoCunha@fleckens.hu;Theyou;oosaeJiL0wi;Mozilla/5.0 (X11; Linux x86_64) AppleWebKit/537.36 (KHTML like Gecko) Ubuntu Chromium/73.0.3683.86 Chrome/73.0.3683.86 Safari/537.36;(19) 5122-8512;55;Costa;5/23/2001;22;Financeiro
120;female;Brazil;Ms.;Clara;A;Rocha;Rua Rio Xingu 732;Pinhais;PR;Parana;83322-490;BR;Brazil;ClaraAlmeidaRocha@rhyta.com;Pely1965;chohm2eeChai;Mozilla/5.0 (Macintosh; Intel Mac OS X 10_14_5) AppleWebKit/605.1.15 (KHTML like Gecko) Version/12.1.1 Safari/605.1.15;(41) 3738-8899;55;Castro;12/29/1965;57;Diretoria
121;female;Brazil;Ms.;Emily;C;Castro;Quadra QR 109 Conjunto 04 913;Samambaia;DF;Distrito Federal;72301-305;BR;Brazil;EmilyCunhaCastro@gustr.com;Adder2002;waeb9lieWoo;Mozilla/5.0 (Macintosh; Intel Mac OS X 10_14_4) AppleWebKit/537.36 (KHTML like Gecko) Chrome/74.0.3729.108 Safari/537.36;(61) 2905-4589;55;Sousa;06/08/2002;21;Financeiro
122;male;Brazil;Mr.;Nicolas;S;Correia;Rua 18 JW 1082;Rio Claro;SP;Sao Paulo;13503-678;BR;Brazil;NicolasSousaCorreia@dayrep.com;Elike1967;eiDeigh2aev;Mozilla/5.0 (Windows NT 10.0; Win64; x64; rv:66.0) Gecko/20100101 Firefox/66.0;(19) 5185-8710;55;Silva;12/04/1967;55;Contabilidade
123;female;Brazil;Ms.;Vitoria;A;Pinto;Vila Aragao 659;Fortaleza;CE;Ceara;60761-600;BR;Brazil;VitoriaAzevedoPinto@teleworm.us;Sprety;eNai5ohl2Z;Mozilla/5.0 (Macintosh; Intel Mac OS X 10_14_5) AppleWebKit/537.36 (KHTML like Gecko) Chrome/74.0.3729.157 Safari/537.36;(85) 3734-4708;55;Martins;11/27/1967;55;Contabilidade
124;male;Brazil;Mr.;Arthur;C;Rocha;Travessa Viriato Lima 1372;Nova Friburgo;RJ;Rio de Janeiro;28614-320;BR;Brazil;ArthurCardosoRocha@superrito.com;Saitter1968;tae8uGhu;Mozilla/5.0 (Windows NT 10.0; Win64; x64) AppleWebKit/537.36 (KHTML like Gecko) Chrome/64.0.3282.140 Safari/537.36 Edge/18.17763;(22) 7293-6121;55;Santos;01/11/1968;55;Diretoria
125;male;Brazil;Mr.;Matheus;M;Pinto;Rua Joao Loureiro 228;Rio de Janeiro;RJ;Rio de Janeiro;20750-180;BR;Brazil;MatheusMartinsPinto@superrito.com;Eank2001;shae7Chei;Mozilla/5.0 (Windows NT 10.0; Win64; x64) AppleWebKit/537.36 (KHTML like Gecko) Chrome/73.0.3683.103 Safari/537.36;(21) 6787-8131;55;Correia;09/08/2001;22;Recursos Humanos
126;female;Brazil;Ms.;Lavinia;B;Lima;Rua Calma 956;Belo Horizonte;MG;Minas Gerais;31070-370;BR;Brazil;LaviniaBarbosaLima@einrot.com;Poess2003;pup7Ot8x;Mozilla/5.0 (Windows NT 10.0; Win64; x64) AppleWebKit/537.36 (KHTML like Gecko) Chrome/74.0.3729.157 Safari/537.36;(31) 7599-6939;55;Alves;8/18/2003;20;Zeladoria
127;male;Brazil;Mr.;Marcos;D;Melo;Rua I 495;Araxa;MG;Minas Gerais;38180-610;BR;Brazil;MarcosDiasMelo@superrito.com;Thicaught;poo1aeB6;Mozilla/5.0 (Macintosh; Intel Mac OS X 10.14; rv:67.0) Gecko/20100101 Firefox/67.0;(34) 8579-2444;55;Cunha;9/13/1968;55;Recursos Humanos
128;female;Brazil;Ms.;Evelyn;B;Azevedo;Rua Dez de Julho 1926;Recife;PE;Pernambuco;51030-570;BR;Brazil;EvelynBarbosaAzevedo@rhyta.com;Sterayincin2003;eth0AeNgah;Mozilla/5.0 (Windows NT 10.0; Win64; x64) AppleWebKit/537.36 (KHTML like Gecko) Chrome/74.0.3729.131 Safari/537.36;(81) 8752-9263;55;Azevedo;5/30/2003;20;Financeiro
129;male;Brazil;Mr.;Leonardo;P;Barbosa;Travessa Milano 704;Sao Paulo;SP;Sao Paulo;03276-019;BR;Brazil;LeonardoPintoBarbosa@armyspy.com;Seache03;Phaefaiy1ie;Mozilla/5.0 (Windows NT 5.1; rv:52.0) Gecko/20100101 Firefox/52.0;(11) 2921-7539;55;Rodrigues;10/25/2003;20;Zeladoria
130;male;Brazil;Mr.;Vinicius;A;Cunha;Rua Catuti 894;Sao Paulo;SP;Sao Paulo;05729-120;BR;Brazil;ViniciusAlvesCunha@einrot.com;Fary2002;Coojoo1ph;Mozilla/5.0 (Windows NT 10.0; Win64; x64) AppleWebKit/537.36 (KHTML like Gecko) Chrome/74.0.3729.108 Safari/537.36;(11) 7575-8611;55;Rocha;11/09/2002;21;Zeladoria
131;male;Brazil;Mr.;Victor;D;Fernandes;Rua Wacco Cso 243;Curitiba;PR;Parana;82515-070;BR;Brazil;VictorDiasFernandes@fleckens.hu;Tepask;yu4Phuopae;Mozilla/5.0 (Windows NT 10.0; Win64; x64) AppleWebKit/537.36 (KHTML like Gecko) Chrome/64.0.3282.140 Safari/537.36 Edge/17.17134;(41) 3235-4854;55;Rodrigues;11/15/1966;57;Zeladoria
132;female;Brazil;Ms.;Isabella;R;Pereira;Rua Menaldo C. da Silva Rodrigues 292;Sorocaba;SP;Sao Paulo;18077-383;BR;Brazil;IsabellaRibeiroPereira@cuvox.de;Surpoked;phoXae3shee;Mozilla/5.0 (Windows NT 10.0; Win64; x64) AppleWebKit/537.36 (KHTML like Gecko) Chrome/73.0.3683.103 Safari/537.36;(15) 6873-5938;55;Melo;7/22/2003;20;Diretoria
133;female;Brazil;Dr.;Beatriz;R;Almeida;Rua 122 1982;Goiania;GO;Goias;74085-500;BR;Brazil;BeatrizRodriguesAlmeida@armyspy.com;Teres1967;Iph5iheiNgae;Mozilla/5.0 (Windows NT 10.0; Win64; x64; rv:66.0) Gecko/20100101 Firefox/66.0;(62) 2470-9155;55;Fernandes;12/17/1967;55;Contabilidade
134;female;Brazil;Mrs.;Marina;B;Silva;Vila Zaccara 1358;Joao Pessoa;PB;Paraiba;58013-365;BR;Brazil;MarinaBarrosSilva@armyspy.com;Foreadfat1966;ieZohgh0uu9;Mozilla/5.0 (X11; Linux x86_64; rv:66.0) Gecko/20100101 Firefox/66.0;(83) 8857-6118;55;Pereira;04/10/1966;57;Financeiro
135;female;Brazil;Mrs.;Vitoria;S;Costa;Rua Marmore 924;Paulista;PE;Pernambuco;53427-380;BR;Brazil;VitoriaSouzaCosta@gustr.com;Flooked;miechaan0Ei;Mozilla/5.0 (Windows NT 10.0; WOW64; Trident/7.0; rv:11.0) like Gecko;(81) 7990-7630;55;Castro;06/05/1969;54;Financeiro
136;female;Brazil;Ms.;Eduarda;S;Gomes;Rua Papanga 1173;Sao Paulo;SP;Sao Paulo;05452-040;BR;Brazil;EduardaSantosGomes@armyspy.com;Blesind;quuZ0mod4oh;Mozilla/5.0 (Windows NT 6.1; WOW64; Trident/7.0; rv:11.0) like Gecko;(11) 6476-6656;55;Gomes;10/28/2001;22;Zeladoria
137;female;Brazil;Ms.;Rebeca;A;Correia;Quadra SQS 111 Bloco G 1269;Brasilia;DF;Distrito Federal;70374-070;BR;Brazil;RebecaAlmeidaCorreia@einrot.com;Distin2001;eeghieRoo7b;Mozilla/5.0 (Windows NT 10.0; Win64; x64) AppleWebKit/537.36 (KHTML like Gecko) Chrome/74.0.3729.169 Safari/537.36;(61) 7815-8624;55;Azevedo;12/21/2001;21;Contabilidade
138;female;Brazil;Ms.;Manuela;C;Santos;Praca Ennio Antonio Ghizini 1374;Americana;SP;Sao Paulo;13468-199;BR;Brazil;ManuelaCardosoSantos@superrito.com;Launt1968;Fiokee2ee;Mozilla/5.0 (Windows NT 6.1; rv:60.0) Gecko/20100101 Firefox/60.0;(19) 7844-4305;55;Cardoso;12/12/1968;54;Contabilidade
139;male;Brazil;Mr.;Kai;S;Goncalves;Rua Vinte e Quatro de Maio 330;Uruguaiana;RS;Rio Grande do Sul;97500-660;BR;Brazil;KaiSilvaGoncalves@gustr.com;Vithe2001;Cur8EQu2shah;Mozilla/5.0 (Windows NT 6.1) AppleWebKit/537.36 (KHTML like Gecko) Chrome/74.0.3729.131 Safari/537.36;(55) 8765-8775;55;Gomes;11/20/2001;22;Zeladoria
140;male;Brazil;Mr.;Tomas;S;Cardoso;Rua Iepe 760;Itaquaquecetuba;SP;Sao Paulo;08571-030;BR;Brazil;TomasSousaCardoso@dayrep.com;Madisenly;the2Eyu6eiz;Mozilla/5.0 (Windows NT 10.0; Win64; x64) AppleWebKit/537.36 (KHTML like Gecko) Chrome/73.0.3683.103 Safari/537.36;(11) 5671-3745;55;Carvalho;2/24/1977;46;Tecnologia da Informacao
141;male;Brazil;Mr.;Andre;L;Rodrigues;Rua Engenho Ribeiro 394;Belo Horizonte;MG;Minas Gerais;30450-120;BR;Brazil;AndreLimaRodrigues@superrito.com;Accom1969;ahv5eeZ7Th;Mozilla/5.0 (Windows NT 10.0; WOW64; Trident/7.0; rv:11.0) like Gecko;(31) 8571-6366;55;Souza;7/17/1969;54;Diretoria
142;female;Brazil;Ms.;Isabelle;M;Costa;Travessa Ordenez Trovao de Melo 786;Campina Grande;PB;Paraiba;58103-032;BR;Brazil;IsabelleMartinsCosta@armyspy.com;Wend1971;WeCo5thoo3;Mozilla/5.0 (Windows NT 6.1; rv:60.0) Gecko/20100101 Firefox/60.0;(83) 5082-6257;55;Oliveira;08/01/1971;52;Zeladoria
143;female;Brazil;Mrs.;Alice;F;Rodrigues;Rua Semiramis 1120;Londrina;PR;Parana;86039-590;BR;Brazil;AliceFerreiraRodrigues@rhyta.com;Sughbod;Reiw0gahRee;Mozilla/5.0 (Macintosh; Intel Mac OS X 10_14_4) AppleWebKit/605.1.15 (KHTML like Gecko) Version/12.1 Safari/605.1.15;(43) 2614-4803;55;Sousa;9/14/1969;54;Recursos Humanos
144;female;Brazil;Ms.;Rafaela;C;Cardoso;Rua Maturi 953;Rio de Janeiro;RJ;Rio de Janeiro;21311-390;BR;Brazil;RafaelaCarvalhoCardoso@superrito.com;Overtaker;Lul9Cooch;Mozilla/5.0 (Windows NT 10.0; Win64; x64) AppleWebKit/537.36 (KHTML like Gecko) Chrome/74.0.3729.108 Safari/537.36;(21) 9163-7904;55;Araujo;03/12/1971;52;Tecnologia da Informacao
145;female;Brazil;Ms.;Emily;C;Fernandes;Avenida Goioere 1624;Campo Mourao;PR;Parana;87302-070;BR;Brazil;EmilyCorreiaFernandes@armyspy.com;Itte2003;ohaihi9A;Mozilla/5.0 (X11; Linux x86_64) AppleWebKit/537.36 (KHTML like Gecko) Chrome/74.0.3729.108 Safari/537.36;(44) 3141-2388;55;Barbosa;10/20/2003;20;Tecnologia da Informacao
146;male;Brazil;Mr.;Kauan;C;Cavalcanti;Rua Frei Teobaldo 884;Fortaleza;CE;Ceara;60335-220;BR;Brazil;KauanCastroCavalcanti@armyspy.com;Letyle;neengooZa5h;Mozilla/5.0 (Windows NT 10.0; Win64; x64) AppleWebKit/537.36 (KHTML like Gecko) Chrome/74.0.3729.131 Safari/537.36;(85) 9872-8172;55;Azevedo;1/16/1966;57;Diretoria
147;female;Brazil;Ms.;Julieta;C;Rocha;Quadra 407 Sul Alameda 10 277;Palmas;TO;Tocantins;77015-706;BR;Brazil;JulietaCastroRocha@rhyta.com;Gress1973;AJah8ewaiw;Mozilla/5.0 (Windows NT 10.0; Win64; x64) AppleWebKit/537.36 (KHTML like Gecko) Chrome/64.0.3282.140 Safari/537.36 Edge/17.17134;(63) 6031-9187;55;Oliveira;2/20/1973;50;Tecnologia da Informacao
148;male;Brazil;Mr.;Felipe;M;Cardoso;Rua Luiz Gonzaga 1971;Xinguara;PA;Para;68557-516;BR;Brazil;FelipeMeloCardoso@fleckens.hu;Wayettery;ePooheeph9m;Mozilla/5.0 (Windows NT 10.0; Win64; x64) AppleWebKit/537.36 (KHTML like Gecko) Chrome/73.0.3683.103 Safari/537.36 OPR/60.0.3255.95;(94) 8108-9023;55;Lima;01/06/1969;54;Diretoria
149;male;Brazil;Mr.;Rodrigo;R;Barbosa;Rua Monaco 118;Governador Valadares;MG;Minas Gerais;35057-550;BR;Brazil;RodrigoRodriguesBarbosa@armyspy.com;Oriert;Xeesae0Ph;Mozilla/5.0 (Windows NT 10.0; Win64; x64) AppleWebKit/537.36 (KHTML like Gecko) Chrome/73.0.3683.103 Safari/537.36 OPR/60.0.3255.95;(33) 3240-2833;55;Carvalho;01/07/1968;55;Diretoria
150;female;Brazil;Mrs.;Laura;D;Souza;Rua Pedro Rosindo da Silva 600;Vitoria;ES;Espirito Santo;29026-827;BR;Brazil;LauraDiasSouza@rhyta.com;Bleturejaway;koo3toot2Ei;Mozilla/5.0 (Windows NT 10.0; Win64; x64) AppleWebKit/537.36 (KHTML like Gecko) Chrome/64.0.3282.140 Safari/537.36 Edge/18.17763;(27) 4791-5878;55;Costa;04/05/2001;22;Financeiro
151;female;Brazil;Mrs.;Isabella;C;Rocha;Rua Major Prado 891;Jau;SP;Sao Paulo;17203-320;BR;Brazil;IsabellaCavalcantiRocha@armyspy.com;Thimande;Ma1yahchee;Mozilla/5.0 (Windows NT 10.0; Win64; x64) AppleWebKit/537.36 (KHTML like Gecko) Chrome/73.0.3683.103 Safari/537.36;(17) 6784-5836;55;Gomes;9/16/1966;57;Recursos Humanos
152;female;Brazil;Mrs.;Clara;S;Melo;Travessa 15 1493;Goiania;GO;Goias;74483-613;BR;Brazil;ClaraSantosMelo@jourrapide.com;Shein1966;yooGh7ChooM;Mozilla/5.0 (Windows NT 10.0; Win64; x64) AppleWebKit/537.36 (KHTML like Gecko) Chrome/74.0.3729.131 Safari/537.36;(62) 8534-9993;55;Correia;10/29/1966;57;Zeladoria
153;male;Brazil;Mr.;Davi;C;Carvalho;Praca Um 1263;Campos dos Goytacazes;RJ;Rio de Janeiro;28070-700;BR;Brazil;DaviCostaCarvalho@rhyta.com;Spold2001;aiGh2tai3t;Mozilla/5.0 (Windows NT 10.0; Win64; x64) AppleWebKit/537.36 (KHTML like Gecko) Chrome/74.0.3729.157 Safari/537.36;(22) 9437-5624;55;Ferreira;3/13/2001;22;Tecnologia da Informacao
154;female;Brazil;Mrs.;Rafaela;R;Oliveira;Rua Nunes Machado 1334;Porto Alegre;RS;Rio Grande do Sul;90130-080;BR;Brazil;RafaelaRodriguesOliveira@cuvox.de;Aughteell;OLi8raet;Mozilla/5.0 (Windows NT 10.0; Win64; x64; rv:60.0) Gecko/20100101 Firefox/60.0;(51) 8768-8386;55;Martins;06/04/1971;52;Financeiro
155;male;Brazil;Mr.;Tomas;A;Barbosa;Rua Duarte da Costa 95;Campo Limpo Paulista;SP;Sao Paulo;13238-720;BR;Brazil;TomasAzevedoBarbosa@superrito.com;Prown2002;ahsh2AiT0oh;Mozilla/5.0 (Windows NT 6.3; Win64; x64) AppleWebKit/537.36 (KHTML like Gecko) Chrome/74.0.3729.157 Safari/537.36;(11) 3104-4110;55;Correia;10/07/2002;21;Tecnologia da Informacao
156;female;Brazil;Mrs.;Eduarda;A;Carvalho;Rua Jatoba 930;Betim;MG;Minas Gerais;32680-070;BR;Brazil;EduardaAzevedoCarvalho@gustr.com;Limoughted;ahd3Rohn;Mozilla/5.0 (Windows NT 10.0; Win64; x64) AppleWebKit/537.36 (KHTML like Gecko) Chrome/73.0.3683.86 Safari/537.36;(31) 2064-2715;55;Gomes;10/19/1977;46;Tecnologia da Informacao
157;female;Brazil;Dr.;Isabelle;G;Barros;Rua Bernardino de Queiroz Guimaraes 1936;Sao Paulo;SP;Sao Paulo;05101-480;BR;Brazil;IsabelleGomesBarros@teleworm.us;Wiltat;Rohch1mit;Mozilla/5.0 (Windows NT 10.0; Win64; x64) AppleWebKit/537.36 (KHTML like Gecko) Chrome/73.0.3683.86 Safari/537.36;(11) 7744-9162;55;Rodrigues;09/02/1971;52;Recursos Humanos
158;female;Brazil;Ms.;Carla;M;Martins;Rua Vitoria Regia 271;Sao Paulo;SP;Sao Paulo;08391-001;BR;Brazil;CarlaMeloMartins@rhyta.com;Youtterears;owaiX8ohng;Mozilla/5.0 (Windows NT 6.3; Win64; x64) AppleWebKit/537.36 (KHTML like Gecko) Chrome/73.0.3683.103 Safari/537.36;(11) 5851-3553;55;Correia;08/09/1977;46;Zeladoria
159;female;Brazil;Ms.;Isabela;A;Cunha;Rua Janari 1704;Campinas;SP;Sao Paulo;13092-578;BR;Brazil;IsabelaAlvesCunha@superrito.com;Righ1966;ceib4Ya8thoh;Mozilla/5.0 (Windows NT 6.1; Win64; x64) AppleWebKit/537.36 (KHTML like Gecko) Chrome/73.0.3683.103 Safari/537.36;(19) 5579-8238;55;Gomes;06/03/1966;57;Financeiro
160;female;Brazil;Ms.;Julia;F;Cunha;2a Travessa Vila Natal 217;Salvador;BA;Bahia;41207-425;BR;Brazil;JuliaFerreiraCunha@fleckens.hu;Nound2002;zi0Koo6pooV;Mozilla/5.0 (Windows NT 10.0; Win64; x64) AppleWebKit/537.36 (KHTML like Gecko) Chrome/64.0.3282.140 Safari/537.36 Edge/17.17134;(71) 7187-5955;55;Correia;4/25/2002;21;Contabilidade
161;female;Brazil;Ms.;Mariana;L;Castro;Rua 6 41;Formosa;GO;Goias;73805-256;BR;Brazil;MarianaLimaCastro@einrot.com;Fichames02;Zie5ieBux;Mozilla/5.0 (Windows NT 6.2; WOW64) AppleWebKit/537.36 (KHTML like Gecko) Chrome/68.0.3440.106 Safari/537.36;(61) 7358-2737;55;Fernandes;11/26/2002;20;Contabilidade
162;female;Brazil;Mrs.;Sofia;A;Cunha;Travessa Lazaro Fontes 228;Recife;PE;Pernambuco;50850-321;BR;Brazil;SofiaAlmeidaCunha@rhyta.com;Hatheince;ea8Eeg1to;Mozilla/5.0 (X11; Linux x86_64; rv:66.0) Gecko/20100101 Firefox/66.0;(81) 4733-7463;55;Araujo;01/07/1968;55;Diretoria
163;male;Brazil;Mr.;Renan;C;Ribeiro;Rua 5 1530;Anapolis;GO;Goias;75114-270;BR;Brazil;RenanCardosoRibeiro@gustr.com;Doliork1971;Thei4kaing;Mozilla/5.0 (Windows NT 10.0; Win64; x64) AppleWebKit/537.36 (KHTML like Gecko) Chrome/64.0.3282.140 Safari/537.36 Edge/18.17763;(62) 2516-6307;55;Araujo;01/05/1971;52;Diretoria
164;female;Brazil;Ms.;Sarah;P;Santos;Quadra Quadra 004 Bloco 01 2000;Brazlandia;DF;Distrito Federal;72725-541;BR;Brazil;SarahPereiraSantos@cuvox.de;Thishint;eefaiPoo5;Mozilla/5.0 (Windows NT 10.0; Win64; x64) AppleWebKit/537.36 (KHTML like Gecko) Chrome/73.0.3683.103 Safari/537.36;(61) 8989-6991;55;Barbosa;10/06/1969;54;Tecnologia da Informacao
165;female;Brazil;Ms.;Isabela;D;Melo;Rua Edson Carlos Ribeiro 1580;Londrina;PR;Parana;86041-620;BR;Brazil;IsabelaDiasMelo@jourrapide.com;Anguanday;eeSoo8no6o;Mozilla/5.0 (X11; Ubuntu; Linux x86_64; rv:66.0) Gecko/20100101 Firefox/66.0;(43) 9229-2234;55;Rocha;11/03/1968;55;Zeladoria
166;male;Brazil;Mr.;Luiz;F;Fernandes;Rua Nelida Abrao Cecilio 338;Uberlandia;MG;Minas Gerais;38414-400;BR;Brazil;LuizFerreiraFernandes@rhyta.com;Puffined69;ij3ooChah;Mozilla/5.0 (Windows NT 10.0; WOW64) AppleWebKit/537.36 (KHTML like Gecko) Chrome/73.0.3683.86 YaBrowser/19.4.0.2397 Yowser/2.5 Safari/537.36;(34) 3276-4638;55;Lima;2/21/1969;54;Tecnologia da Informacao
167;male;Brazil;Mr.;Fabio;C;Ribeiro;Rodovia dos Minerios 1133;Almirante Tamandare;PR;Parana;83511-530;BR;Brazil;FabioCarvalhoRibeiro@cuvox.de;Feciat;Eereipo7zie;Mozilla/5.0 (Macintosh; Intel Mac OS X 10_14_5) AppleWebKit/605.1.15 (KHTML like Gecko) Version/12.1.1 Safari/605.1.15;(41) 7691-7652;55;Fernandes;5/15/1969;54;Contabilidade
168;male;Brazil;Mr.;Breno;R;Cunha;Quadra SQN 315 Bloco A 1116;Brasilia;DF;Distrito Federal;70774-010;BR;Brazil;BrenoRochaCunha@gustr.com;Imes1968;Boo1ieW8Iu;Mozilla/5.0 (Windows NT 6.1; Win64; x64; rv:66.0) Gecko/20100101 Firefox/66.0;(61) 8027-7634;55;Alves;1/18/1968;55;Diretoria
169;female;Brazil;Ms.;Amanda;G;Dias;Travessa Coronel Antonio Souto 1895;Garanhuns;PE;Pernambuco;55295-125;BR;Brazil;AmandaGomesDias@cuvox.de;Opli1968;abei5ieJ3oh;Mozilla/5.0 (Windows NT 6.3; Win64; x64) AppleWebKit/537.36 (KHTML like Gecko) Chrome/74.0.3729.157 Safari/537.36;(87) 5823-8050;55;Ferreira;09/06/1968;55;Recursos Humanos
170;female;Brazil;Ms.;Carolina;O;Costa;Rua das Goiabeiras 738;Palhoca;SC;Santa Catarina;88137-240;BR;Brazil;CarolinaOliveiraCosta@cuvox.de;Momption1966;ooFaequu5y;Mozilla/5.0 (Windows NT 10.0; Win64; x64; rv:66.0) Gecko/20100101 Firefox/66.0;(48) 2003-9097;55;Costa;11/11/1966;57;Zeladoria
171;female;Brazil;Mrs.;Raissa;B;Souza;Rua Sao Joao Bosco 922;Campinas;SP;Sao Paulo;13068-503;BR;Brazil;RaissaBarbosaSouza@dayrep.com;Samstered2001;aich7Aech5H;Mozilla/5.0 (Macintosh; Intel Mac OS X 10.14; rv:66.0) Gecko/20100101 Firefox/66.0;(19) 9961-8949;55;Correia;12/14/2001;21;Contabilidade
172;male;Brazil;Mr.;Tiago;A;Pinto;Rua Luiz Francisco dos Santos Machado 51;Santa Maria;RS;Rio Grande do Sul;97110-205;BR;Brazil;TiagoAraujoPinto@dayrep.com;Stifer;Quoo3guuz;Mozilla/5.0 (Windows NT 6.1; rv:60.0) Gecko/20100101 Firefox/60.0;(55) 6632-6058;55;Cavalcanti;11/18/1977;46;Zeladoria
173;female;Brazil;Ms.;Fernanda;S;Fernandes;Rua Professor Chiquinho 547;Jatai;GO;Goias;75804-247;BR;Brazil;FernandaSousaFernandes@einrot.com;Ladmis;lo9Xie5ooKei;Mozilla/5.0 (Windows NT 6.2; WOW64) AppleWebKit/537.36 (KHTML like Gecko) Chrome/68.0.3440.106 Safari/537.36;(64) 2712-8914;55;Barros;11/28/2002;20;Contabilidade
174;female;Brazil;Ms.;Leticia;P;Lima;Rua do Cruzeiro 1094;Juazeiro do Norte;CE;Ceara;63010-070;BR;Brazil;LeticiaPintoLima@fleckens.hu;Onaged;oaTh0eequa;Mozilla/5.0 (Windows NT 10.0; WOW64) AppleWebKit/537.36 (KHTML like Gecko) Chrome/73.0.3683.103 Safari/537.36;(88) 5471-2520;55;Correia;07/01/1966;57;Diretoria
175;male;Brazil;Mr.;Kaua;P;Costa;Rua VV 12 1729;Goiania;GO;Goias;74366-090;BR;Brazil;KauaPintoCosta@armyspy.com;Twor1968;baigail6Zuz;Mozilla/5.0 (Windows NT 10.0; Win64; x64) AppleWebKit/537.36 (KHTML like Gecko) Chrome/71.0.3578.98 Safari/537.36;(62) 2952-3651;55;Castro;12/22/1968;54;Diretoria
176;female;Brazil;Ms.;Carolina;B;Silva;Travessa Sao Pedro 826;Ananindeua;PA;Para;67040-055;BR;Brazil;CarolinaBarbosaSilva@gustr.com;Froutilt;Raehoo5oowu;Mozilla/5.0 (X11; Linux x86_64; rv:60.0) Gecko/20100101 Firefox/60.0;(91) 9335-4619;55;Araujo;7/14/1969;54;Diretoria
177;female;Brazil;Ms.;Sarah;B;Cunha;Rua Oficinas do Acu 205;Natal;RN;Rio Grande do Norte;59139-070;BR;Brazil;SarahBarrosCunha@einrot.com;Eyess2003;Cheiph8a;Mozilla/5.0 (Macintosh; Intel Mac OS X 10_13_6) AppleWebKit/537.36 (KHTML like Gecko) Chrome/74.0.3729.157 Safari/537.36;(84) 8752-4695;55;Silva;11/16/2003;20;Zeladoria
178;female;Brazil;Ms.;Vitoria;C;Martins;Rua Jose Amaral Palmeira 1528;Cacapava;SP;Sao Paulo;12287-440;BR;Brazil;VitoriaCorreiaMartins@jourrapide.com;Coved1968;Aechah4h;Mozilla/5.0 (Windows NT 6.2; WOW64) AppleWebKit/537.36 (KHTML like Gecko) Chrome/68.0.3440.106 Safari/537.36;(12) 3786-5459;55;Castro;1/23/1968;55;Financeiro
179;male;Brazil;Mr.;Douglas;C;Barbosa;Rua Arabias 368;Uberlandia;MG;Minas Gerais;38410-248;BR;Brazil;DouglasCarvalhoBarbosa@gustr.com;Donelly;deiNgooD0;Mozilla/5.0 (Windows NT 6.1) AppleWebKit/537.36 (KHTML like Gecko) Chrome/74.0.3729.131 Safari/537.36;(34) 7451-6996;55;Pinto;02/08/2002;21;Financeiro
180;male;Brazil;Mr.;Caio;F;Alves;Vila Sarasate 1310;Fortaleza;CE;Ceara;60830-450;BR;Brazil;CaioFernandesAlves@rhyta.com;Weaten;Be6me2shi;Mozilla/5.0 (Macintosh; Intel Mac OS X 10_14_4) AppleWebKit/605.1.15 (KHTML like Gecko) Version/12.1 Safari/605.1.15;(85) 5167-9634;55;Azevedo;7/17/1977;46;Diretoria
181;male;Brazil;Mr.;Gustavo;C;Correia;Travessa Elpidio Ruiz 806;Bage;RS;Rio Grande do Sul;96400-340;BR;Brazil;GustavoCunhaCorreia@teleworm.us;Pren1968;eec0Buath;Mozilla/5.0 (Macintosh; Intel Mac OS X 10.14; rv:66.0) Gecko/20100101 Firefox/66.0;(53) 8104-9059;55;Souza;8/14/1968;55;Zeladoria
182;male;Brazil;Mr.;Arthur;A;Barros;Rua Cento e Cinquenta e Seis-A 1004;Volta Redonda;RJ;Rio de Janeiro;27255-080;BR;Brazil;ArthurAraujoBarros@dayrep.com;Hattell;Yae4eithei;Mozilla/5.0 (Macintosh; Intel Mac OS X 10_14_4) AppleWebKit/605.1.15 (KHTML like Gecko) Version/12.1 Safari/605.1.15;(24) 6258-4750;55;Carvalho;5/20/1977;46;Contabilidade
183;female;Brazil;Mrs.;Julia;M;Azevedo;Rua Joana D'Arc 261;Rio de Janeiro;RJ;Rio de Janeiro;23575-220;BR;Brazil;JuliaMartinsAzevedo@dayrep.com;Bain1969;xoo1Ej4Ze;Mozilla/5.0 (Windows NT 10.0; Win64; x64; rv:60.0) Gecko/20100101 Firefox/60.0;(21) 8726-4288;55;Almeida;10/03/1969;54;Tecnologia da Informacao
184;female;Brazil;Mrs.;Sarah;A;Costa;Rua Itapeti 1578;Embu;SP;Sao Paulo;06823-210;BR;Brazil;SarahAraujoCosta@rhyta.com;Rowleted;ReoY8chevoh;Mozilla/5.0 (Windows NT 10.0; Win64; x64) AppleWebKit/537.36 (KHTML like Gecko) Chrome/73.0.3683.103 Safari/537.36;(11) 6750-7151;55;Melo;8/21/1969;54;Zeladoria
185;male;Brazil;Mr.;Miguel;L;Goncalves;Rua Ligacao 739;Coronel Fabriciano;MG;Minas Gerais;35172-333;BR;Brazil;MiguelLimaGoncalves@fleckens.hu;Pend1968;vu7eeVoo;Mozilla/5.0 (Macintosh; Intel Mac OS X 10_14_5) AppleWebKit/605.1.15 (KHTML like Gecko) Version/12.1.1 Safari/605.1.15;(31) 4573-2007;55;Cunha;01/02/1968;55;Diretoria
186;female;Brazil;Ms.;Maria;M;Oliveira;Rua A-9 1858;Sete Lagoas;MG;Minas Gerais;35702-587;BR;Brazil;MariaMeloOliveira@einrot.com;Wombears;keiXae7FieV;Mozilla/5.0 (Macintosh; Intel Mac OS X 10.14; rv:66.0) Gecko/20100101 Firefox/66.0;(31) 7030-9308;55;Rodrigues;1/29/2003;20;Financeiro
187;female;Brazil;Ms.;Gabrielly;O;Barros;Rua BS 39 1366;Goiania;GO;Goias;74477-394;BR;Brazil;GabriellyOliveiraBarros@einrot.com;Therof;pheRohf0;Mozilla/5.0 (Macintosh; Intel Mac OS X 10_14_4) AppleWebKit/537.36 (KHTML like Gecko) Chrome/74.0.3729.131 Safari/537.36;(62) 5687-3771;55;Alves;6/14/2002;21;Financeiro
188;male;Brazil;Mr.;Julio;S;Oliveira;Ladeira Joao Homem 396;Rio de Janeiro;RJ;Rio de Janeiro;20081-130;BR;Brazil;JulioSantosOliveira@jourrapide.com;Unting;ceeVie9Aht4;Mozilla/5.0 (X11; Fedora; Linux x86_64; rv:66.0) Gecko/20100101 Firefox/66.0;(21) 4906-2410;55;Silva;3/23/1973;50;Financeiro
189;female;Brazil;Ms.;Carolina;C;Goncalves;Rua Doutor Manoel Marques de Oliveira 1651;Varzea Grande;MT;Mato Grosso;78150-118;BR;Brazil;CarolinaCavalcantiGoncalves@rhyta.com;Thisk1968;Aeh1shool1;Mozilla/5.0 (X11; Linux x86_64) AppleWebKit/537.36 (KHTML like Gecko) Chrome/74.0.3729.157 Safari/537.36;(65) 5210-2088;55;Gomes;1/16/1968;55;Diretoria
190;male;Brazil;Mr.;Julio;A;Sousa;Quadra Quadra 5 Conjunto D 411;Sobradinho;DF;Distrito Federal;73030-054;BR;Brazil;JulioAlmeidaSousa@superrito.com;Dract1969;hinood1Ie;Mozilla/5.0 (Macintosh; Intel Mac OS X 10_14_1) AppleWebKit/605.1.15 (KHTML like Gecko) Version/12.0.1 Safari/605.1.15;(61) 9067-8018;55;Sousa;3/16/1969;54;Tecnologia da Informacao
191;female;Brazil;Ms.;Leila;C;Costa;Rua Dias Adorno 759;Vitoria;ES;Espirito Santo;29026-090;BR;Brazil;LeilaCastroCosta@armyspy.com;Oulty2001;Ahghi1xoov6;Mozilla/5.0 (Macintosh; Intel Mac OS X 10_14_4) AppleWebKit/537.36 (KHTML like Gecko) Chrome/74.0.3729.108 Safari/537.36;(27) 9624-2531;55;Ribeiro;9/28/2001;22;Tecnologia da Informacao
192;male;Brazil;Mr.;Otavio;O;Lima;Rua Geraldo Magela Borges 1626;Patos de Minas;MG;Minas Gerais;38706-331;BR;Brazil;OtavioOliveiraLima@fleckens.hu;Haile2002;eo8Wooj2AoK;Mozilla/5.0 (Macintosh; Intel Mac OS X 10_13_6) AppleWebKit/605.1.15 (KHTML like Gecko) Version/11.1.2 Safari/605.1.15;(34) 5577-8274;55;Costa;9/22/2002;21;Recursos Humanos
193;female;Brazil;Mrs.;Gabrielly;S;Souza;Rua Panorama 1163;Varzea Grande;MT;Mato Grosso;78155-445;BR;Brazil;GabriellySantosSouza@armyspy.com;Sheive;fae8thieSae;Mozilla/5.0 (Windows NT 10.0; Win64; x64) AppleWebKit/537.36 (KHTML like Gecko) Chrome/74.0.3729.131 Safari/537.36;(65) 6778-3654;55;Rocha;10/02/1966;57;Tecnologia da Informacao
194;female;Brazil;Mrs.;Sarah;R;Almeida;Rua Dois 1735;Cacapava;SP;Sao Paulo;12290-500;BR;Brazil;SarahRibeiroAlmeida@gustr.com;Ough2002;ZeXexoh3agh;Mozilla/5.0 (Windows NT 6.1; Win64; x64) AppleWebKit/537.36 (KHTML like Gecko) Chrome/74.0.3729.131 Safari/537.36;(12) 6072-4646;55;Dias;3/28/2002;21;Financeiro
195;male;Brazil;Mr.;Eduardo;B;Fernandes;Estrada Caribu 1816;Rio de Janeiro;RJ;Rio de Janeiro;22765-010;BR;Brazil;EduardoBarrosFernandes@armyspy.com;Artake;aaf9iiT4quoh;Mozilla/5.0 (Macintosh; Intel Mac OS X 10_14_4) AppleWebKit/537.36 (KHTML like Gecko) Chrome/73.0.3683.103 Safari/537.36;(21) 9092-3727;55;Correia;07/03/1968;55;Diretoria
196;male;Brazil;Mr.;Rodrigo;P;Goncalves;Rua Antenor Roquim 1774;Varginha;MG;Minas Gerais;37056-440;BR;Brazil;RodrigoPintoGoncalves@teleworm.us;Pasm1969;ot2de6Mee;Mozilla/5.0 (Windows NT 10.0; Win64; x64) AppleWebKit/537.36 (KHTML like Gecko) Chrome/74.0.3729.131 Safari/537.36;(35) 5194-7329;55;Cunha;08/01/1969;54;Zeladoria
197;male;Brazil;Mr.;Vinicius;S;Ribeiro;Rua Serra das Russas 740;Recife;PE;Pernambuco;51335-430;BR;Brazil;ViniciusSantosRibeiro@armyspy.com;Mrsexamme;xi1eH6ooYoh;Mozilla/5.0 (Windows NT 10.0; WOW64) AppleWebKit/537.36 (KHTML like Gecko) Chrome/73.0.3683.103 YaBrowser/19.4.2.702 Yowser/2.5 Safari/537.36;(81) 9012-2049;55;Oliveira;04/08/2003;20;Financeiro
198;male;Brazil;Mr.;Kauan;P;Melo;Rua Onze 1380;Rio Grande;RS;Rio Grande do Sul;96213-540;BR;Brazil;KauanPintoMelo@gustr.com;Riand1968;zoa3ba3aiP;Mozilla/5.0 (Windows NT 10.0; Win64; x64) AppleWebKit/537.36 (KHTML like Gecko) Chrome/73.0.3683.103 Safari/537.36;(53) 4699-3493;55;Oliveira;9/20/1968;55;Recursos Humanos
199;male;Brazil;Mr.;Matheus;G;Cardoso;Rua Terra Roxa 210;Mogi-Guacu;SP;Sao Paulo;13846-115;BR;Brazil;MatheusGoncalvesCardoso@teleworm.us;Pootnott;Wo2quaeTh;Mozilla/5.0 (Windows NT 10.0; Win64; x64) AppleWebKit/537.36 (KHTML like Gecko) Chrome/74.0.3729.157 Safari/537.36;(16) 6371-4150;55;Rocha;11/26/1970;52;Contabilidade
200;male;Brazil;Mr.;Danilo;R;Santos;Rua 14 84;Manaus;AM;Amazonas;69049-480;BR;Brazil;DaniloRochaSantos@rhyta.com;Wholve;eingaephie9Je;Mozilla/5.0 (Windows NT 10.0; Win64; x64; rv:66.0) Gecko/20100101 Firefox/66.0;(92) 7672-9905;55;Dias;6/27/2001;22;Diretoria
201;male;Brazil;Mr.;Rodrigo;R;Carvalho;Rua Doutor Heitor Pereira Carrilho 1399;Sao Paulo;SP;Sao Paulo;02729-000;BR;Brazil;RodrigoRochaCarvalho@fleckens.hu;Reme1966;ohPii3eish8;Mozilla/5.0 (Macintosh; Intel Mac OS X 10_12_6) AppleWebKit/537.36 (KHTML like Gecko) Chrome/74.0.3729.131 Safari/537.36;(11) 5472-8991;55;Barbosa;01/02/1966;57;Diretoria
202;male;Brazil;Mr.;Lucas;S;Gomes;Vila Celina 1101;Fortaleza;CE;Ceara;60520-800;BR;Brazil;LucasSilvaGomes@teleworm.us;Sory1973;ooNg2yie;Mozilla/5.0 (Windows NT 6.1; rv:60.0) Gecko/20100101 Firefox/60.0;(85) 9527-9463;55;Goncalves;09/09/1973;50;Recursos Humanos
203;male;Brazil;Mr.;Eduardo;R;Santos;Rua Sessenta e Nove 60;Campinas;SP;Sao Paulo;13058-253;BR;Brazil;EduardoRochaSantos@dayrep.com;Dinto1969;IufoiWai6Sh;Mozilla/5.0 (Windows NT 10.0; Win64; x64) AppleWebKit/537.36 (KHTML like Gecko) Chrome/74.0.3729.169 Safari/537.36;(19) 7425-6088;55;Santos;07/09/1969;54;Diretoria
204;male;Brazil;Mr.;Davi;A;Pereira;Rua Francisca Leao Correa 1282;Belo Horizonte;MG;Minas Gerais;31170-450;BR;Brazil;DaviAlvesPereira@armyspy.com;Andinds;Ohf6bufe;Mozilla/5.0 (Windows NT 10.0; Win64; x64; rv:67.0) Gecko/20100101 Firefox/67.0;(31) 2818-9709;55;Santos;5/16/1966;57;Contabilidade
205;male;Brazil;Mr.;Luan;O;Cunha;Rua Nilza Barreto 1750;Rio de Janeiro;RJ;Rio de Janeiro;21675-590;BR;Brazil;LuanOliveiraCunha@jourrapide.com;Rouring;lieGhif9qu;Mozilla/5.0 (X11; Linux x86_64; rv:60.0) Gecko/20100101 Firefox/60.0;(21) 6257-4009;55;Ribeiro;3/19/2002;21;Tecnologia da Informacao
206;male;Brazil;Mr.;Estevan;R;Costa;2a Travessa Cotovelo 158;Caxias;MA;Maranhao;65606-650;BR;Brazil;EstevanRodriguesCosta@armyspy.com;Howner;phie8Ahshie;Mozilla/5.0 (Windows NT 6.2; WOW64) AppleWebKit/537.36 (KHTML like Gecko) Chrome/68.0.3440.106 Safari/537.36;(99) 6797-9245;55;Azevedo;06/08/1973;50;Financeiro
207;male;Brazil;Mr.;Jose;M;Cavalcanti;Rua Pedro Brum 1360;Canoas;RS;Rio Grande do Sul;92130-200;BR;Brazil;JoseMeloCavalcanti@armyspy.com;Expeater;iy2Eetheech;Mozilla/5.0 (Windows NT 6.1; Win64; x64) AppleWebKit/537.36 (KHTML like Gecko) Chrome/74.0.3729.157 Safari/537.36;(51) 8615-3063;55;Fernandes;06/08/1968;55;Financeiro
208;female;Brazil;Ms.;Anna;C;Dias;Travessa Elza 1447;Sao Joao de Meriti;RJ;Rio de Janeiro;25565-110;BR;Brazil;AnnaCunhaDias@superrito.com;Therreemed1969;Uiquohp4iex;Mozilla/5.0 (Windows NT 10.0; WOW64; Trident/7.0; rv:11.0) like Gecko;(21) 3453-7128;55;Ribeiro;5/23/1969;54;Financeiro
209;male;Brazil;Mr.;Douglas;C;Souza;Rua Sao Vicente 20;Sao Bernardo do Campo;SP;Sao Paulo;09857-190;BR;Brazil;DouglasCastroSouza@fleckens.hu;Agemput77;gah1oorahM;Mozilla/5.0 (Windows NT 10.0; Win64; x64; rv:66.0) Gecko/20100101 Firefox/66.0;(11) 6187-3239;55;Cardoso;7/25/1977;46;Zeladoria
210;male;Brazil;Mr.;Thiago;S;Oliveira;Rua Tsukaji Otsuka 1233;Sertaozinho;SP;Sao Paulo;14177-252;BR;Brazil;ThiagoSouzaOliveira@jourrapide.com;Himpled;moh9eWosh;Mozilla/5.0 (Windows NT 10.0; Win64; x64) AppleWebKit/537.36 (KHTML like Gecko) Chrome/71.0.3578.98 Safari/537.36 OPR/58.0.3135.132;(16) 9185-5015;55;Barbosa;4/16/2003;20;Financeiro
211;male;Brazil;Mr.;Tomas;C;Barros;Rua Alianca 1496;Ilheus;BA;Bahia;45650-220;BR;Brazil;TomasCastroBarros@gustr.com;Whatumbigh;Too0haa4ah;Mozilla/5.0 (Windows NT 6.1; Win64; x64; rv:66.0) Gecko/20100101 Firefox/66.0;(73) 6100-3356;55;Barbosa;2/18/1969;54;Financeiro
212;female;Brazil;Ms.;Luiza;C;Araujo;Servidao Papaterra 121;Florianopolis;SC;Santa Catarina;88060-410;BR;Brazil;LuizaCarvalhoAraujo@fleckens.hu;Sublive;ohlie9Rae;Mozilla/5.0 (X11; Linux x86_64) AppleWebKit/537.36 (KHTML like Gecko) Chrome/51.0.2704.106 Safari/537.36;(48) 3358-5856;55;Dias;04/03/1969;54;Financeiro
213;female;Brazil;Ms.;Livia;C;Barros;Rua Amelia Lopes 1752;Rio Verde;GO;Goias;75908-680;BR;Brazil;LiviaCastroBarros@dayrep.com;Notch1971;Yo4oeW8chi0;Mozilla/5.0 (Windows NT 6.1) AppleWebKit/537.36 (KHTML like Gecko) Chrome/73.0.3683.103 Safari/537.36;(64) 6753-5154;55;Cardoso;11/07/1971;52;Zeladoria
214;male;Brazil;Mr.;Victor;S;Gomes;Rua das Aguias 565;Santana de Parnaiba;SP;Sao Paulo;06526-065;BR;Brazil;VictorSouzaGomes@cuvox.de;Creatil;ieR8Rah5;Mozilla/5.0 (Windows NT 10.0; Win64; x64) AppleWebKit/537.36 (KHTML like Gecko) Chrome/74.0.3729.131 Safari/537.36;(11) 2631-5374;55;Azevedo;01/03/2003;20;Diretoria
215;male;Brazil;Mr.;Victor;S;Castro;Rua Araci 182;Embu;SP;Sao Paulo;06815-240;BR;Brazil;VictorSousaCastro@teleworm.us;Throughtele;aT2ixaidaeth;Mozilla/5.0 (Windows NT 6.1; Win64; x64) AppleWebKit/537.36 (KHTML like Gecko) Chrome/74.0.3729.131 Safari/537.36;(11) 5913-6627;55;Gomes;07/01/1968;55;Diretoria
216;female;Brazil;Ms.;Lara;A;Pinto;Travessa Leopoldina 377;Santa Cruz do Sul;RS;Rio Grande do Sul;96840-480;BR;Brazil;LaraAlmeidaPinto@fleckens.hu;Nestand;ohxoz6neiGh;Mozilla/5.0 (Windows NT 10.0; Win64; x64) AppleWebKit/537.36 (KHTML like Gecko) Chrome/73.0.3683.103 Safari/537.36;(51) 3973-9082;55;Goncalves;02/06/2003;20;Financeiro
217;female;Brazil;Ms.;Julia;F;Cardoso;Rua Barlaventos 217;Belem;PA;Para;66833-500;BR;Brazil;JuliaFernandesCardoso@fleckens.hu;Snew2003;eenieRex5;Mozilla/5.0 (Windows NT 6.1; rv:60.0) Gecko/20100101 Firefox/60.0;(91) 8735-4743;55;Carvalho;4/14/2003;20;Financeiro
218;female;Brazil;Mrs.;Marina;S;Pereira;Travessa Luz 1101;Campo Grande;MS;Mato Grosso do Sul;79110-502;BR;Brazil;MarinaSouzaPereira@fleckens.hu;Febt1969;Eil9lee3nah;Mozilla/5.0 (Windows NT 6.2; WOW64) AppleWebKit/537.36 (KHTML like Gecko) Chrome/68.0.3440.106 Safari/537.36;(67) 2686-6353;55;Barros;6/16/1969;54;Financeiro
219;female;Brazil;Mrs.;Alice;D;Goncalves;Rua Tangara 1854;Aparecida de Goiania;GO;Goias;74905-690;BR;Brazil;AliceDiasGoncalves@superrito.com;Fouted;chon4eizeiQui;Mozilla/5.0 (Windows NT 10.0; Win64; x64) AppleWebKit/537.36 (KHTML like Gecko) Chrome/74.0.3729.131 Safari/537.36;(62) 4663-8891;55;Cardoso;7/28/2003;20;Zeladoria
220;male;Brazil;Mr.;Nicolash;R;Cardoso;Rua Antonio Sabaine 1043;Colatina;ES;Espirito Santo;29703-610;BR;Brazil;NicolashRodriguesCardoso@jourrapide.com;Thatereping1971;Aigh3eubaet;Mozilla/5.0 (Windows NT 10.0; Win64; x64) AppleWebKit/537.36 (KHTML like Gecko) Chrome/71.0.3578.98 Safari/537.36 OPR/58.0.3135.132;(27) 6860-6103;55;Azevedo;10/21/1971;52;Tecnologia da Informacao
221;female;Brazil;Mrs.;Giovana;S;Castro;Avenida Jose Gomes Portela 720;Petropolis;RJ;Rio de Janeiro;25740-270;BR;Brazil;GiovanaSouzaCastro@cuvox.de;Agrecirt;fuHeeX1ai;Mozilla/5.0 (Windows NT 10.0; Win64; x64) AppleWebKit/537.36 (KHTML like Gecko) Chrome/74.0.3729.157 Safari/537.36;(24) 5052-9289;55;Santos;11/15/1969;54;Zeladoria
222;female;Brazil;Ms.;Beatriz;A;Cardoso;Rua Pedro Bianchi 298;Sao Carlos;SP;Sao Paulo;13570-381;BR;Brazil;BeatrizAraujoCardoso@dayrep.com;Couser68;ooCh3ohpa2n;Mozilla/5.0 (Windows NT 6.1; Win64; x64) AppleWebKit/537.36 (KHTML like Gecko) Chrome/74.0.3729.157 Safari/537.36;(16) 7002-7643;55;Santos;12/23/1968;54;Diretoria
223;female;Brazil;Mrs.;Anna;B;Lima;Rua Eliazer Santos 1284;Porto Velho;RO;Rondonia;78915-610;BR;Brazil;AnnaBarbosaLima@fleckens.hu;Butfor;oov7uVu2pub;Mozilla/5.0 (Macintosh; Intel Mac OS X 10_14_4) AppleWebKit/605.1.15 (KHTML like Gecko) Version/12.1 Safari/605.1.15;(69) 3434-7879;55;Pereira;10/01/1973;50;Tecnologia da Informacao
224;male;Brazil;Mr.;Lucas;F;Pereira;Rua Arthur Edmur Pimentel 1507;Sao Jose do Rio Preto;SP;Sao Paulo;15045-332;BR;Brazil;LucasFerreiraPereira@cuvox.de;Tharnii;UshaiGa6ph;Mozilla/5.0 (Windows NT 10.0; Win64; x64) AppleWebKit/537.36 (KHTML like Gecko) Chrome/73.0.3683.103 Safari/537.36;(17) 4525-5497;55;Gomes;12/16/2000;22;Contabilidade
225;female;Brazil;Ms.;Melissa;C;Gomes;Rua Santo Antonio 12;Sao Roque;SP;Sao Paulo;18135-200;BR;Brazil;MelissaCostaGomes@jourrapide.com;Whant1966;Ughooj4pie;Mozilla/5.0 (Macintosh; Intel Mac OS X 10_11_6) AppleWebKit/537.36 (KHTML like Gecko) Chrome/73.0.3683.103 Safari/537.36;(11) 8182-6313;55;Barros;2/28/1966;57;Tecnologia da Informacao
226;male;Brazil;Mr.;Vinicius;C;Almeida;Rua Francisca dos Santos Portela 652;Teresina;PI;Piaui;64032-140;BR;Brazil;ViniciusCarvalhoAlmeida@dayrep.com;Wrisee;ewahlooK0Pai;Mozilla/5.0 (Windows NT 10.0; Win64; x64; rv:66.0) Gecko/20100101 Firefox/66.0;(86) 8069-6315;55;Sousa;3/27/1966;57;Financeiro
227;female;Brazil;Ms.;Manuela;B;Azevedo;Rua Georg Rexroth 1255;Diadema;SP;Sao Paulo;09951-270;BR;Brazil;ManuelaBarrosAzevedo@armyspy.com;Thatell;eig0eeH3;Mozilla/5.0 (Windows NT 10.0; Win64; x64) AppleWebKit/537.36 (KHTML like Gecko) Chrome/73.0.3683.103 Safari/537.36;(11) 3364-2207;55;Pinto;10/08/1966;57;Tecnologia da Informacao
228;female;Brazil;Dr.;Alice;G;Ribeiro;Rua Torquato Tasso 641;Curitiba;PR;Parana;81810-230;BR;Brazil;AliceGomesRibeiro@einrot.com;Vilials;ahbea3Dee;Mozilla/5.0 (Windows NT 10.0; Win64; x64) AppleWebKit/537.36 (KHTML like Gecko) Chrome/74.0.3729.131 Safari/537.36;(41) 7875-3836;55;Rocha;01/05/2003;20;Diretoria
229;female;Brazil;Mrs.;Raissa;M;Barbosa;Passagem do Mercado 668;Belem;PA;Para;66025-620;BR;Brazil;RaissaMeloBarbosa@einrot.com;Andearrot;eX8BiWai;Mozilla/5.0 (Macintosh; Intel Mac OS X 10_14_5) AppleWebKit/537.36 (KHTML like Gecko) Chrome/74.0.3729.131 Safari/537.36;(91) 2851-3018;55;Carvalho;12/21/2001;21;Contabilidade
230;male;Brazil;Mr.;Eduardo;C;Oliveira;Avenida Imirim 1416;Sao Paulo;SP;Sao Paulo;02464-000;BR;Brazil;EduardoCavalcantiOliveira@rhyta.com;Thece2003;IeQu0Eiko5;Mozilla/5.0 (Windows NT 10.0; Win64; x64; rv:66.0) Gecko/20100101 Firefox/66.0;(11) 3647-5960;55;Santos;10/11/2003;20;Tecnologia da Informacao
231;female;Brazil;Mrs.;Leticia;A;Silva;Rua Panama 1524;Santa Cruz do Sul;RS;Rio Grande do Sul;96830-140;BR;Brazil;LeticiaAlvesSilva@teleworm.us;Youres;Eil2ieP0i;Mozilla/5.0 (Windows NT 10.0; Win64; x64) AppleWebKit/537.36 (KHTML like Gecko) Chrome/73.0.3683.103 Safari/537.36 OPR/60.0.3255.95;(51) 4221-2702;55;Araujo;2/14/1966;57;Financeiro
232;male;Brazil;Mr.;Vinicius;G;Goncalves;Avenida Jose Lopez Lazaro 1757;Osasco;SP;Sao Paulo;06210-030;BR;Brazil;ViniciusGomesGoncalves@teleworm.us;Letry1971;wiox7Ohs;Mozilla/5.0 (Windows NT 10.0; Win64; x64; rv:66.0) Gecko/20100101 Firefox/66.0;(11) 5257-9852;55;Azevedo;3/23/1971;52;Financeiro
233;female;Brazil;Mrs.;Luiza;G;Ribeiro;Rua G 1111;Rondonopolis;MT;Mato Grosso;78715-698;BR;Brazil;LuizaGoncalvesRibeiro@armyspy.com;Uport1971;jeSool0Hai;Mozilla/5.0 (X11; Ubuntu; Linux x86_64; rv:66.0) Gecko/20100101 Firefox/66.0;(66) 8533-8786;55;Gomes;6/19/1971;52;Financeiro
234;male;Brazil;Mr.;Vitor;P;Costa;Avenida Riachuelo 1554;Sao Leopoldo;RS;Rio Grande do Sul;93022-110;BR;Brazil;VitorPereiraCosta@jourrapide.com;Thavizings;Ohy0shos6an;Mozilla/5.0 (Windows NT 10.0; Win64; x64; rv:66.0) Gecko/20100101 Firefox/66.0;(51) 4969-8135;55;Araujo;11/15/2002;21;Zeladoria
235;male;Brazil;Mr.;Tiago;A;Oliveira;Rua Lencois Paulista 391;Barueri;SP;Sao Paulo;06408-090;BR;Brazil;TiagoAzevedoOliveira@gustr.com;Theregan;Ug8iequal;Mozilla/5.0 (Windows NT 6.2; WOW64) AppleWebKit/537.36 (KHTML like Gecko) Chrome/68.0.3440.106 Safari/537.36;(11) 4421-5325;55;Souza;3/22/1966;57;Financeiro
236;male;Brazil;Mr.;Rafael;A;Cavalcanti;Rua Genaro Cavalcante Queiroz 1117;Campina Grande;PB;Paraiba;58102-518;BR;Brazil;RafaelAraujoCavalcanti@cuvox.de;Famere2003;Loht8eu7ae;Mozilla/5.0 (Windows NT 6.1; Win64; x64) AppleWebKit/537.36 (KHTML like Gecko) Chrome/73.0.3683.103 Safari/537.36;(83) 2746-6998;55;Carvalho;07/10/2003;20;Diretoria
237;female;Brazil;Ms.;Larissa;S;Correia;Travessa Amigo Leal 697;Sao Paulo;SP;Sao Paulo;08344-060;BR;Brazil;LarissaSousaCorreia@teleworm.us;Mrsices;aeThu2sh;Mozilla/5.0 (Windows NT 10.0; Win64; x64) AppleWebKit/537.36 (KHTML like Gecko) Chrome/73.0.3683.103 Safari/537.36;(11) 8428-7179;55;Barros;11/12/1971;52;Zeladoria
238;female;Brazil;Mrs.;Leila;B;Silva;Rua VC 43 1098;Goiania;GO;Goias;74495-200;BR;Brazil;LeilaBarrosSilva@jourrapide.com;Ondood;tho9eeNgua;Mozilla/5.0 (Macintosh; Intel Mac OS X 10_14_0) AppleWebKit/537.36 (KHTML like Gecko) Chrome/74.0.3729.131 Safari/537.36;(62) 4985-8639;55;Alves;11/08/1971;52;Zeladoria
239;female;Brazil;Mrs.;Vitoria;G;Pinto;Avenida Coronel Jose Mauricio da Costa 882;Joao Pessoa;PB;Paraiba;58033-220;BR;Brazil;VitoriaGoncalvesPinto@superrito.com;Baccomithe;Ohw8quie7ch;Mozilla/5.0 (Windows NT 10.0; WOW64) AppleWebKit/537.36 (KHTML like Gecko) Chrome/73.0.3683.103 Safari/537.36;(83) 7672-9221;55;Barbosa;7/18/1973;50;Diretoria
240;male;Brazil;Dr.;Luan;S;Costa;Travessa Libia 688;Campo Grande;MS;Mato Grosso do Sul;79010-072;BR;Brazil;LuanSilvaCosta@armyspy.com;Therearse;Ohh5aez3eish;Mozilla/5.0 (Macintosh; Intel Mac OS X 10.12; rv:66.0) Gecko/20100101 Firefox/66.0;(67) 8441-9341;55;Barros;6/21/1969;54;Diretoria
241;female;Brazil;Ms.;Luiza;S;Pereira;Quadra QNP 05 Conjunto V 1331;Ceilandia;DF;Distrito Federal;72240-422;BR;Brazil;LuizaSantosPereira@jourrapide.com;Manned;eeLedoon9;Mozilla/5.0 (Macintosh; Intel Mac OS X 10_13_6) AppleWebKit/537.36 (KHTML like Gecko) Chrome/74.0.3729.157 Safari/537.36;(61) 7947-5340;55;Gomes;08/01/2002;21;Zeladoria
242;male;Brazil;Mr.;Rafael;C;Barros;Rua Trinta e cinco 1760;Sao Jose dos Campos;SP;Sao Paulo;12232-896;BR;Brazil;RafaelCavalcantiBarros@gustr.com;Anningare;zaeVi1sah;Mozilla/5.0 (Windows NT 6.1; rv:60.0) Gecko/20100101 Firefox/60.0;(12) 5605-3467;55;Ferreira;6/27/2002;21;Diretoria
243;female;Brazil;Ms.;Gabrielly;L;Alves;Rua Alenker 1780;Campo Grande;MS;Mato Grosso do Sul;79093-680;BR;Brazil;GabriellyLimaAlves@rhyta.com;Wasioure2003;si1xieW0th;Mozilla/5.0 (Windows NT 10.0; Win64; x64; rv:66.0) Gecko/20100101 Firefox/66.0;(67) 5505-6713;55;Cavalcanti;8/25/2003;20;Recursos Humanos
244;male;Brazil;Mr.;Jose;S;Pereira;Rua Australia 1318;Votuporanga;SP;Sao Paulo;15503-256;BR;Brazil;JoseSouzaPereira@armyspy.com;Gaindred;aipeCh1Ee;Mozilla/5.0 (Windows NT 6.1; Win64; x64; rv:66.0) Gecko/20100101 Firefox/66.0;(17) 4706-7098;55;Cardoso;10/20/1966;57;Tecnologia da Informacao
245;female;Brazil;Ms.;Julia;C;Almeida;Rua Coelho de Almeida 1853;Camaragibe;PE;Pernambuco;54789-330;BR;Brazil;JuliaCavalcantiAlmeida@jourrapide.com;Hileboseek;Kod8OhNg;Mozilla/5.0 (Windows NT 10.0; Win64; x64) AppleWebKit/537.36 (KHTML like Gecko) Chrome/71.0.3578.98 Safari/537.36;(81) 5871-4763;55;Fernandes;08/02/1966;57;Zeladoria
246;male;Brazil;Mr.;Igor;F;Martins;Avenida Artur da Silva Bernardes 1376;Betim;MG;Minas Gerais;32630-050;BR;Brazil;IgorFerreiraMartins@gustr.com;Happich;veiphua6Jo;Mozilla/5.0 (Macintosh; Intel Mac OS X 10.11; rv:66.0) Gecko/20100101 Firefox/66.0;(31) 6299-8872;55;Carvalho;11/08/1968;55;Zeladoria
247;male;Brazil;Mr.;Luis;B;Cardoso;Quadra Quadra 062 1735;Novo Gama;GO;Goias;72865-062;BR;Brazil;LuisBarrosCardoso@superrito.com;Impsithe;chiePhah3phoo;Mozilla/5.0 (Windows NT 10.0; Win64; x64; rv:66.0) Gecko/20100101 Firefox/66.0;(61) 9008-6593;55;Costa;12/16/1976;46;Contabilidade
248;female;Brazil;Mrs.;Livia;G;Castro;Rua Miriam Satimi Ilda 417;Sarandi;PR;Parana;87112-470;BR;Brazil;LiviaGomesCastro@armyspy.com;Ridn1966;nee0Hedu3s;Mozilla/5.0 (Windows NT 6.1; Win64; x64) AppleWebKit/537.36 (KHTML like Gecko) Chrome/74.0.3729.131 Safari/537.36;(44) 3798-7469;55;Araujo;9/16/1966;57;Recursos Humanos
249;male;Brazil;Mr.;Jose;M;Sousa;Rua Jose Guerra 29;Mogi das Cruzes;SP;Sao Paulo;08717-870;BR;Brazil;JoseMeloSousa@dayrep.com;Exam1977;oot7ENaiWie;Mozilla/5.0 (Macintosh; Intel Mac OS X 10_14_4) AppleWebKit/537.36 (KHTML like Gecko) Chrome/74.0.3729.131 Safari/537.36;(11) 9394-2333;55;Melo;11/11/1977;46;Zeladoria
250;male;Brazil;Mr.;Kaua;L;Martins;Rua Doze 560;Birigui;SP;Sao Paulo;16204-447;BR;Brazil;KauaLimaMartins@cuvox.de;Rieve2002;Thah6fai;Mozilla/5.0 (Windows NT 10.0; Win64; x64) AppleWebKit/537.36 (KHTML like Gecko) Chrome/74.0.3729.131 Safari/537.36;(18) 5771-2104;55;Souza;6/22/2002;21;Diretoria
251;male;Brazil;Mr.;Kaua;A;Dias;Rua Tupinamba 456;Gravatai;RS;Rio Grande do Sul;94175-090;BR;Brazil;KauaAlvesDias@jourrapide.com;Rawas2002;saipeec0B;Mozilla/5.0 (Windows NT 10.0; Win64; x64) AppleWebKit/537.36 (KHTML like Gecko) Chrome/74.0.3729.131 Safari/537.36;(51) 4409-2592;55;Rocha;06/02/2002;21;Financeiro
252;female;Brazil;Mrs.;Marina;M;Rodrigues;Rua Dom Carlos Gouveia Coelho 1780;Joao Pessoa;PB;Paraiba;58011-030;BR;Brazil;MarinaMartinsRodrigues@superrito.com;Losed1969;Iepailie7;Mozilla/5.0 (Windows NT 6.2; WOW64) AppleWebKit/537.36 (KHTML like Gecko) Chrome/68.0.3440.106 Safari/537.36;(83) 4245-6039;55;Oliveira;9/16/1969;54;Recursos Humanos
253;female;Brazil;Mrs.;Rafaela;P;Ribeiro;Rua Rio Araranga 60;Sao Paulo;SP;Sao Paulo;08151-600;BR;Brazil;RafaelaPereiraRibeiro@cuvox.de;Pecied1966;iXai1YeP;Mozilla/5.0 (Windows NT 6.2; WOW64) AppleWebKit/537.36 (KHTML like Gecko) Chrome/68.0.3440.106 Safari/537.36;(11) 9499-5520;55;Sousa;1/30/1966;57;Financeiro
254;male;Brazil;Mr.;Vinicius;L;Rocha;Rua Angelica da Costa Carvalho 136;Sao Paulo;SP;Sao Paulo;03557-130;BR;Brazil;ViniciusLimaRocha@rhyta.com;Prair1971;see2thie1Bee;Mozilla/5.0 (Macintosh; Intel Mac OS X 10_14_5) AppleWebKit/537.36 (KHTML like Gecko) Chrome/74.0.3729.131 Safari/537.36;(11) 3328-3341;55;Pereira;01/04/1971;52;Diretoria
255;female;Brazil;Mrs.;Amanda;B;Rocha;Alameda Anibal Galvani 1582;Jaboticabal;SP;Sao Paulo;14883-318;BR;Brazil;AmandaBarbosaRocha@cuvox.de;Fourge;Mae9ohko;Mozilla/5.0 (Windows NT 10.0; Win64; x64) AppleWebKit/537.36 (KHTML like Gecko) Chrome/73.0.3683.103 Safari/537.36;(16) 5357-5673;55;Melo;1/21/2001;22;Financeiro
256;male;Brazil;Mr.;Rafael;A;Souza;Avenida Cruzeiro do Sul 56;Sao Paulo;SP;Sao Paulo;02030-000;BR;Brazil;RafaelAraujoSouza@superrito.com;Thiscout;up1ohS7xoagh;Mozilla/5.0 (Windows NT 10.0; Win64; x64) AppleWebKit/537.36 (KHTML like Gecko) Chrome/74.0.3729.131 Safari/537.36;(11) 6223-5132;55;Oliveira;2/23/1968;55;Tecnologia da Informacao
257;male;Brazil;Mr.;Ryan;A;Rodrigues;Rua Jatir 720;Belo Horizonte;MG;Minas Gerais;30865-050;BR;Brazil;RyanAzevedoRodrigues@cuvox.de;Dorge1966;aiQu3Emei;Mozilla/5.0 (X11; Linux x86_64) AppleWebKit/537.36 (KHTML like Gecko) Chrome/73.0.3683.103 Safari/537.36;(31) 9377-6309;55;Gomes;2/28/1966;57;Tecnologia da Informacao
258;female;Brazil;Ms.;Leticia;C;Araujo;Quadra EQ 10/20 Conjunto D 1872;Planaltina;DF;Distrito Federal;73355-054;BR;Brazil;LeticiaCunhaAraujo@jourrapide.com;Togy1968;ViWahNgu5i;Mozilla/5.0 (Windows NT 10.0; Win64; x64) AppleWebKit/537.36 (KHTML like Gecko) Chrome/64.0.3282.140 Safari/537.36 Edge/17.17134;(61) 2987-7957;55;Barros;4/28/1968;55;Contabilidade
259;male;Brazil;Mr.;Miguel;G;Correia;Rua Leonina Natalia Gomes 295;Varginha;MG;Minas Gerais;37062-445;BR;Brazil;MiguelGoncalvesCorreia@einrot.com;Andend;kie4xu6Oo;Mozilla/5.0 (X11; Ubuntu; Linux x86_64; rv:66.0) Gecko/20100101 Firefox/66.0;(35) 4692-7254;55;Lima;10/19/2003;20;Tecnologia da Informacao
260;male;Brazil;Mr.;Thiago;B;Goncalves;Praca Arco Iris 826;Teresopolis;RJ;Rio de Janeiro;25964-345;BR;Brazil;ThiagoBarrosGoncalves@armyspy.com;Lablen;cei7eeShohco;Mozilla/5.0 (Windows NT 10.0; Win64; x64) AppleWebKit/537.36 (KHTML like Gecko) Chrome/74.0.3729.108 Safari/537.36;(21) 9746-2519;55;Rocha;11/10/2002;21;Zeladoria
261;female;Brazil;Ms.;Evelyn;C;Rodrigues;Rua Miguel Rocha dos Santos 1844;Uberlandia;MG;Minas Gerais;38408-190;BR;Brazil;EvelynCavalcantiRodrigues@einrot.com;Wergeled;soo5jaeMai;Mozilla/5.0 (Windows NT 10.0; Win64; x64; rv:66.0) Gecko/20100101 Firefox/66.0;(34) 4218-5461;55;Correia;07/09/1966;57;Diretoria
262;female;Brazil;Mrs.;Giovanna;C;Pinto;Rua Joao Francisco Rodrigues 163;Lages;SC;Santa Catarina;88505-154;BR;Brazil;GiovannaCardosoPinto@armyspy.com;Prefor;ee6AhRieth;Mozilla/5.0 (Macintosh; Intel Mac OS X 10_14_4) AppleWebKit/537.36 (KHTML like Gecko) Chrome/73.0.3683.103 Safari/537.36;(49) 7284-9766;55;Pereira;10/04/1966;57;Tecnologia da Informacao
263;male;Brazil;Mr.;Joao;P;Almeida;Praca Wanderley Fagundes 220;Montes Claros;MG;Minas Gerais;39400-143;BR;Brazil;JoaoPereiraAlmeida@cuvox.de;Candink;Chigaegai9;Mozilla/5.0 (Windows NT 10.0; Win64; x64) AppleWebKit/537.36 (KHTML like Gecko) Chrome/73.0.3683.103 Safari/537.36;(38) 7278-8900;55;Souza;4/29/1966;57;Contabilidade
264;male;Brazil;Mr.;Miguel;C;Oliveira;Rua Arvelino Eufrasio Alexandre 22;Criciuma;SC;Santa Catarina;88806-714;BR;Brazil;MiguelCarvalhoOliveira@rhyta.com;Frogivers;Xootahb5S;Mozilla/5.0 (Macintosh; Intel Mac OS X 10_14_4) AppleWebKit/605.1.15 (KHTML like Gecko) Version/12.1 Safari/605.1.15;(48) 6247-4098;55;Ribeiro;1/22/2001;22;Financeiro
265;female;Brazil;Dr.;Agatha;R;Castro;Rua Professor Henrique de Aragao 1464;Rio de Janeiro;RJ;Rio de Janeiro;23555-120;BR;Brazil;AgathaRodriguesCastro@cuvox.de;Goinge68;iesheid1ieSh;Mozilla/5.0 (Macintosh; Intel Mac OS X 10_14_4) AppleWebKit/605.1.15 (KHTML like Gecko) Version/12.1 Safari/605.1.15;(21) 3768-3006;55;Lima;06/08/1968;55;Financeiro
266;male;Brazil;Mr.;Danilo;M;Goncalves;Rua 1103 826;Goiania;GO;Goias;74830-280;BR;Brazil;DaniloMeloGoncalves@dayrep.com;Faidn2003;PeGo1Ix7Ah;Mozilla/5.0 (Windows NT 6.1; Win64; x64) AppleWebKit/537.36 (KHTML like Gecko) Chrome/74.0.3729.131 Safari/537.36;(62) 4258-9400;55;Ferreira;11/07/2003;20;Zeladoria
267;female;Brazil;Mrs.;Livia;A;Carvalho;Rua Nossa Senhora Aparecida 1471;Belo Horizonte;MG;Minas Gerais;30514-100;BR;Brazil;LiviaAzevedoCarvalho@fleckens.hu;Halied;aikiuCh9i;Mozilla/5.0 (Windows NT 10.0; Win64; x64) AppleWebKit/537.36 (KHTML like Gecko) Chrome/73.0.3683.103 Safari/537.36;(31) 3150-7266;55;Rocha;12/12/1965;57;Contabilidade
268;female;Brazil;Ms.;Evelyn;R;Rocha;Rua Liberata Cassini Rossi 1288;Caxias do Sul;RS;Rio Grande do Sul;95043-350;BR;Brazil;EvelynRibeiroRocha@gustr.com;Aunte1973;Zulai7eiF;Mozilla/5.0 (X11; Ubuntu; Linux x86_64; rv:66.0) Gecko/20100101 Firefox/66.0;(54) 9256-5908;55;Rodrigues;11/13/1973;50;Zeladoria
269;male;Brazil;Mr.;Douglas;R;Rocha;Rua BL 4 1581;Goiania;GO;Goias;74355-543;BR;Brazil;DouglasRodriguesRocha@superrito.com;Quied1977;Gu2Ooyai;Mozilla/5.0 (Windows NT 10.0; Win64; x64; rv:60.0) Gecko/20100101 Firefox/60.0;(62) 8445-9011;55;Barbosa;03/10/1977;46;Tecnologia da Informacao
270;female;Brazil;Ms.;Matilde;S;Silva;Rua Arquimedes Martins 1265;Eunapolis;BA;Bahia;45821-180;BR;Brazil;MatildeSouzaSilva@einrot.com;Himanxim2001;UHaephie2eegh;Mozilla/5.0 (Macintosh; Intel Mac OS X 10_14_4) AppleWebKit/537.36 (KHTML like Gecko) Chrome/74.0.3729.131 Safari/537.36;(73) 8484-6510;55;Dias;06/06/2001;22;Financeiro
271;female;Brazil;Ms.;Maria;D;Rodrigues;Praca das Flores 458;Belo Horizonte;MG;Minas Gerais;30390-320;BR;Brazil;MariaDiasRodrigues@cuvox.de;Crintel1973;yaeda8Ahyoo4;Mozilla/5.0 (Windows NT 6.1; Win64; x64) AppleWebKit/537.36 (KHTML like Gecko) Chrome/74.0.3729.169 Safari/537.36;(31) 5288-8769;55;Azevedo;01/01/1973;50;Diretoria
272;male;Brazil;Dr.;Tiago;C;Souza;Rua Igarite 1048;Goiania;GO;Goias;74840-260;BR;Brazil;TiagoCarvalhoSouza@rhyta.com;Aboul2001;quahloh3Ie;Mozilla/5.0 (Windows NT 6.1; WOW64; rv:66.0) Gecko/20100101 Firefox/66.0;(62) 3673-4522;55;Almeida;5/24/2001;22;Financeiro
273;female;Brazil;Mrs.;Luiza;S;Oliveira;Rua Julio Streicher 1328;Aracatuba;SP;Sao Paulo;16025-400;BR;Brazil;LuizaSousaOliveira@rhyta.com;Retharts;oFu0igh2d;Mozilla/5.0 (Windows NT 6.1; Win64; x64; rv:66.0) Gecko/20100101 Firefox/66.0;(18) 4103-7532;55;Costa;7/20/1977;46;Diretoria
274;female;Brazil;Mrs.;Clara;R;Sousa;Rua Tenente Inacio 1173;Sapucaia do Sul;RS;Rio Grande do Sul;93220-420;BR;Brazil;ClaraRodriguesSousa@dayrep.com;Heireass;aez6Hoteesh;Mozilla/5.0 (Windows NT 10.0; Win64; x64) AppleWebKit/537.36 (KHTML like Gecko) Chrome/74.0.3729.131 Safari/537.36;(51) 5635-4103;55;Fernandes;1/13/1973;50;Diretoria
275;male;Brazil;Mr.;Rafael;G;Pereira;Rua Edson Oliveira 1306;Caruaru;PE;Pernambuco;55038-745;BR;Brazil;RafaelGomesPereira@jourrapide.com;Trought;iB5ak4oo;Mozilla/5.0 (Macintosh; Intel Mac OS X 10_13_6) AppleWebKit/537.36 (KHTML like Gecko) Chrome/73.0.3683.103 Safari/537.36;(81) 6357-6656;55;Carvalho;2/16/2002;21;Financeiro
276;male;Brazil;Mr.;Daniel;R;Pereira;Quadra QR 01-A Conjunto N 1932;Candangolandia;DF;Distrito Federal;71727-114;BR;Brazil;DanielRodriguesPereira@dayrep.com;Thromen;vaek6aeF;Mozilla/5.0 (Windows NT 10.0; Win64; x64) AppleWebKit/537.36 (KHTML like Gecko) Chrome/74.0.3729.131 Safari/537.36;(61) 5656-8651;55;Santos;11/28/1970;52;Contabilidade
277;female;Brazil;Mrs.;Camila;S;Cunha;Rua Varzea 1248;Rio de Janeiro;RJ;Rio de Janeiro;21361-600;BR;Brazil;CamilaSouzaCunha@superrito.com;Hisonecks;iuD9oosh7;Mozilla/5.0 (Macintosh; Intel Mac OS X 10_13_6) AppleWebKit/537.36 (KHTML like Gecko) Chrome/74.0.3729.157 Safari/537.36;(21) 9736-8073;55;Rocha;11/08/1968;55;Zeladoria
278;male;Brazil;Mr.;Tomas;M;Martins;Rua 7 65;Goiania;GO;Goias;74810-140;BR;Brazil;TomasMeloMartins@jourrapide.com;Whistre;Ohgo3vieni;Mozilla/5.0 (X11; Ubuntu; Linux x86_64; rv:66.0) Gecko/20100101 Firefox/66.0;(62) 7006-2155;55;Ferreira;02/06/1968;55;Financeiro
279;female;Brazil;Ms.;Anna;S;Sousa;Rua Jose Ferrao 1681;Paulista;PE;Pernambuco;53433-630;BR;Brazil;AnnaSilvaSousa@gustr.com;Suchaticke;Iebair6oo;Mozilla/5.0 (Windows NT 10.0; Win64; x64; rv:66.0) Gecko/20100101 Firefox/66.0;(81) 4354-7156;55;Pereira;3/15/1966;57;Tecnologia da Informacao
280;female;Brazil;Mrs.;Clara;S;Costa;Travessa Coelho Gomes 933;Niteroi;RJ;Rio de Janeiro;24230-010;BR;Brazil;ClaraSousaCosta@rhyta.com;Tordreptles;chaid7qui7Sh;Mozilla/5.0 (Windows NT 10.0; Win64; x64) AppleWebKit/537.36 (KHTML like Gecko) Chrome/74.0.3729.157 Safari/537.36;(21) 3045-5618;55;Azevedo;5/25/1973;50;Financeiro
281;male;Brazil;Mr.;Davi;S;Ferreira;Rua Arlindo Sa 1881;Recife;PE;Pernambuco;50910-500;BR;Brazil;DaviSantosFerreira@superrito.com;Enly1971;Cie9joolo;Mozilla/5.0 (Windows NT 10.0; Win64; x64) AppleWebKit/537.36 (KHTML like Gecko) Chrome/73.0.3683.103 Safari/537.36;(81) 4901-9356;55;Correia;9/25/1971;52;Tecnologia da Informacao
282;female;Brazil;Ms.;Matilde;F;Cavalcanti;Quadra QNO 19 Conjunto 47 208;Ceilandia;DF;Distrito Federal;72261-047;BR;Brazil;MatildeFernandesCavalcanti@cuvox.de;Bleet1968;Fai0Iemuu2;Mozilla/5.0 (Windows NT 10.0; Win64; x64) AppleWebKit/537.36 (KHTML like Gecko) Chrome/73.0.3683.103 Safari/537.36;(61) 3182-5778;55;Alves;02/09/1968;55;Financeiro
283;male;Brazil;Mr.;Luiz;S;Oliveira;Rua Eustaquio de Carvalho 133;Olinda;PE;Pernambuco;53120-030;BR;Brazil;LuizSouzaOliveira@gustr.com;Crithimard;EGhaiph9Sa;Mozilla/5.0 (Windows NT 10.0; Win64; x64; rv:66.0) Gecko/20100101 Firefox/66.0;(81) 4130-8422;55;Cavalcanti;1/30/1973;50;Financeiro
284;male;Brazil;Mr.;Jose;C;Gomes;Rua Antoine Bourdelle 1180;Sao Paulo;SP;Sao Paulo;05320-020;BR;Brazil;JoseCunhaGomes@dayrep.com;Willithe;ahkeec6Vah;Mozilla/5.0 (Windows NT 10.0; Win64; x64) AppleWebKit/537.36 (KHTML like Gecko) Chrome/74.0.3729.131 Safari/537.36;(11) 9720-6696;55;Martins;05/02/1968;55;Contabilidade
285;female;Brazil;Mrs.;Sarah;F;Silva;Rua Julio Rios Cunha 1210;Avare;SP;Sao Paulo;18706-630;BR;Brazil;SarahFerreiraSilva@cuvox.de;Stee1973;EpiV3choo;Mozilla/5.0 (Windows NT 10.0; Win64; x64; rv:66.0) Gecko/20100101 Firefox/66.0;(14) 7113-6130;55;Correia;09/10/1973;50;Recursos Humanos
286;male;Brazil;Mr.;Kai;A;Cavalcanti;Rua Bernardino Bertollotti 988;Sao Paulo;SP;Sao Paulo;05265-110;BR;Brazil;KaiAzevedoCavalcanti@rhyta.com;Bobeat;Iel3quei4ah;Mozilla/5.0 (Windows NT 10.0; Win64; x64) AppleWebKit/537.36 (KHTML like Gecko) Chrome/74.0.3729.157 Safari/537.36;(11) 9829-8374;55;Cunha;09/09/2003;20;Recursos Humanos
287;female;Brazil;Mrs.;Sofia;C;Oliveira;Rua Salitre 1865;Belo Horizonte;MG;Minas Gerais;31130-780;BR;Brazil;SofiaCastroOliveira@cuvox.de;Withater;geiS8Eigomei;Mozilla/5.0 (Macintosh; Intel Mac OS X 10_14_3) AppleWebKit/537.36 (KHTML like Gecko) Chrome/74.0.3729.131 Safari/537.36;(31) 7637-5664;55;Martins;04/05/2002;21;Financeiro
288;female;Brazil;Mrs.;Lara;C;Cunha;Rua Conselheiro Manoel Rodrigues Alves 656;Gravata;PE;Pernambuco;55642-240;BR;Brazil;LaraCostaCunha@superrito.com;Theyinecaut;zo6Ashah0aqu;Mozilla/5.0 (Macintosh; Intel Mac OS X 10_14_4) AppleWebKit/605.1.15 (KHTML like Gecko) Version/12.1 Safari/605.1.15;(81) 6171-5117;55;Ribeiro;7/31/1973;50;Zeladoria
289;male;Brazil;Mr.;Gabriel;O;Pereira;Rua Padre Donizete Tavares de Lima 1120;Bauru;SP;Sao Paulo;17052-630;BR;Brazil;GabrielOliveiraPereira@fleckens.hu;Scientoped;uwiy4xie4Ie;Mozilla/5.0 (Windows NT 10.0; Win64; x64) AppleWebKit/537.36 (KHTML like Gecko) Chrome/64.0.3282.140 Safari/537.36 Edge/18.17763;(14) 2867-3438;55;Gomes;07/08/2002;21;Diretoria
290;female;Brazil;Mrs.;Emily;C;Rodrigues;Jardim Universitario 1450;Joao Pessoa;PB;Paraiba;58050-081;BR;Brazil;EmilyCunhaRodrigues@gustr.com;Thertheare;Pohgaiz0Ie;Mozilla/5.0 (Windows NT 10.0; Win64; x64) AppleWebKit/537.36 (KHTML like Gecko) Chrome/73.0.3683.103 Safari/537.36;(83) 7804-8329;55;Rodrigues;06/02/1969;54;Financeiro
291;male;Brazil;Dr.;Julio;B;Dias;Rua Dois 949;Campinas;SP;Sao Paulo;13033-208;BR;Brazil;JulioBarrosDias@einrot.com;Arip1970;EuKec1iSoh;Mozilla/5.0 (X11; Linux x86_64; rv:66.0) Gecko/20100101 Firefox/66.0;(19) 2700-3628;55;Correia;11/26/1970;52;Contabilidade
292;male;Brazil;Mr.;Luiz;S;Lima;Rua Francisco 1824;Rio de Janeiro;RJ;Rio de Janeiro;21320-190;BR;Brazil;LuizSantosLima@rhyta.com;Learothat;Oveej7pei;Mozilla/5.0 (Macintosh; Intel Mac OS X 10_14_0) AppleWebKit/537.36 (KHTML like Gecko) Chrome/73.0.3683.103 Safari/537.36;(21) 7142-8643;55;Melo;3/21/1969;54;Financeiro
293;male;Brazil;Mr.;Luis;M;Souza;Rua Parapui 145;Rio de Janeiro;RJ;Rio de Janeiro;23015-120;BR;Brazil;LuisMartinsSouza@armyspy.com;Eaveng;AebiTei7zoo;Mozilla/5.0 (Windows NT 10.0; Win64; x64) AppleWebKit/537.36 (KHTML like Gecko) Chrome/74.0.3729.131 Safari/537.36;(21) 2575-3846;55;Cardoso;10/17/2002;21;Tecnologia da Informacao
294;male;Brazil;Mr.;Arthur;O;Melo;Rua Osorio Duque Estrada 267;Belo Horizonte;MG;Minas Gerais;31730-000;BR;Brazil;ArthurOliveiraMelo@cuvox.de;Togrom;denguL9ahV;Mozilla/5.0 (Macintosh; Intel Mac OS X 10_14_4) AppleWebKit/537.36 (KHTML like Gecko) Chrome/73.0.3683.103 Safari/537.36;(31) 3536-8452;55;Barbosa;3/17/1969;54;Tecnologia da Informacao
295;female;Brazil;Mrs.;Gabrielly;R;Costa;Rua Soldado Frederico Bressan 1536;Rio de Janeiro;RJ;Rio de Janeiro;23066-020;BR;Brazil;GabriellyRibeiroCosta@einrot.com;Hawricer;xa0Eigh0zu;Mozilla/5.0 (Windows NT 10.0; Win64; x64) AppleWebKit/537.36 (KHTML like Gecko) Chrome/74.0.3729.131 Safari/537.36;(21) 2030-6307;55;Souza;06/10/1966;57;Financeiro
296;male;Brazil;Mr.;Estevan;C;Oliveira;Rua Murilo Fontainha 1568;Sao Goncalo;RJ;Rio de Janeiro;24421-035;BR;Brazil;EstevanCarvalhoOliveira@jourrapide.com;Calway;PoDahz2th;Mozilla/5.0 (Windows NT 6.1; rv:66.0) Gecko/20100101 Firefox/66.0;(21) 3862-4863;55;Castro;1/28/1977;46;Financeiro
297;female;Brazil;Mrs.;Eduarda;L;Pinto;Rua Lavras da Mangabeira 119;Fortaleza;CE;Ceara;60325-680;BR;Brazil;EduardaLimaPinto@einrot.com;Reated77;cooChiu9tae;Mozilla/5.0 (Macintosh; Intel Mac OS X 10_14_4) AppleWebKit/537.36 (KHTML like Gecko) Chrome/74.0.3729.131 Safari/537.36;(85) 6691-3396;55;Silva;11/02/1977;46;Zeladoria
298;male;Brazil;Mr.;Joao;R;Barros;Quadra SQS 208 Bloco J 636;Brasilia;DF;Distrito Federal;70254-100;BR;Brazil;JoaoRibeiroBarros@dayrep.com;Sligized;Je5ithoh;Mozilla/5.0 (Windows NT 10.0; Win64; x64) AppleWebKit/537.36 (KHTML like Gecko) Chrome/74.0.3729.131 Safari/537.36;(61) 6426-7299;55;Oliveira;5/31/1977;46;Financeiro
299;male;Brazil;Mr.;Luan;B;Rocha;Rua Telma Regina Cordeiro Correa 407;Rio de Janeiro;RJ;Rio de Janeiro;21850-220;BR;Brazil;LuanBarrosRocha@armyspy.com;Ancentim;hohbee3ooSh;Mozilla/5.0 (X11; Ubuntu; Linux x86_64; rv:66.0) Gecko/20100101 Firefox/66.0;(21) 9787-3118;55;Rodrigues;5/14/2002;21;Contabilidade
300;female;Brazil;Mrs.;Tania;A;Alves;Rua Minas Gerais 795;Cachoeirinha;RS;Rio Grande do Sul;94965-490;BR;Brazil;TaniaAlmeidaAlves@armyspy.com;Sommic;Hephee5Oh;Mozilla/5.0 (Windows NT 6.2; WOW64) AppleWebKit/537.36 (KHTML like Gecko) Chrome/68.0.3440.106 Safari/537.36;(51) 6473-4550;55;Rocha;10/20/1971;52;Tecnologia da Informacao
